posting_id,title,company,location,description,posted_date,salary_range,source
JOB00160,Data Analyst (Fresher),Russell-Daniels Consulting,Gurugram,"The ideal candidate is proficient in Tableau, Data Warehousing, Snowflake, SQL and can translate business questions into data-driven answers. Experience with VBA, Power BI is a plus.","16 September, 2025",₹3L - ₹4L PA,LinkedInSim
JOB00461,Marketing Data Analyst,Strickland-Shaw Consulting,bangalore,"Marketing Data Analyst needed for a fast-paced fintech startup. Core stack: ETL, PostgreSQL, Airflow, SQL, Python. Bonus points for Snowflake exposure.",16-Sep-2025,₹3L - ₹4L PA,InternshalaSim
JOB00286,Marketing Data Analyst,Bowen Group Systems,Bengaluru,"Join our growing data team! Skills needed: Excel, Communication Skills, VBA, PowerPoint. Freshers with strong Pandas fundamentals encouraged to apply.",Nov 2025,Rs 5L to 6L per annum,LinkedInSim
JOB00250,Data Analyst (Fresher),Ruiz Ltd Analytics,Hyderabad,"The ideal candidate is proficient in Tableau, Data Warehousing, Snowflake, SQL and can translate business questions into data-driven answers. Experience with Pandas is a plus.",2026-05-21,8-9 LPA,LinkedInSim
JOB00393,Reporting Analyst,Webster Inc Softwares,Remote - India,"Join our growing data team! Skills needed: Statistics, Pandas, A/B Testing, Python, Machine Learning. Freshers with strong AWS, Tableau fundamentals encouraged to apply.",Apr 2026,Rs 5L to 7L per annum,IndeedSim
JOB00742,Product Analyst,Jacobson Inc Softwares,noida ,"Product Analyst needed for a fast-paced fintech startup. Core stack: ETL, PostgreSQL, Airflow, SQL, Python. Bonus points for Advanced Excel exposure.",16/08/2025,,NaukriSim
JOB00733,Analytics Associate,Adams-Sanders Consulting,mumbai ,"Join our growing data team! Skills needed: Excel, Communication Skills, VBA, PowerPoint. Freshers with strong Stakeholder Management, Python, PostgreSQL fundamentals encouraged to apply.",16/06/2026,,NaukriSim
JOB00113,BI Analyst,Rodriguez Brennan and Garrison Digital,remote,"We are looking for a BI Analyst to join our analytics team. Must have hands-on experience with Excel, Communication Skills, VBA, PowerPoint. Prior internship experience preferred.",2025-12-26,Rs 4L to 7L per annum,IndeedSim
JOB00131,Reporting Analyst,Parker Ortiz and Powell Labs,delhi ncr,"Join our growing data team! Skills needed: Stakeholder Management, Excel, Power BI, SQL. Freshers with strong Advanced Excel fundamentals encouraged to apply.","28 August, 2025",₹3L - ₹5L PA,InternshalaSim
JOB00693,BI Analyst,Thomas Ford and Brown Technologies,Remote,"Join our growing data team! Skills needed: Stakeholder Management, Excel, Power BI, SQL. Freshers with strong Pandas fundamentals encouraged to apply.","13 April, 2026",₹5L - ₹6L PA,LinkedInSim
JOB00244,Junior Data Analyst,Lyons-Bender Digital,Gurgaon,"The ideal candidate is proficient in Excel, Communication Skills, VBA, PowerPoint and can translate business questions into data-driven answers. Experience with Power BI is a plus.",2026-03-02,,IndeedSim
JOB00384,Analytics Associate,Gallegos Adams and White Analytics,Remote,"Analytics Associate needed for a fast-paced fintech startup. Core stack: Stakeholder Management, Excel, Power BI, SQL. Bonus points for Pandas, NumPy, MySQL exposure.","12 March, 2026",Rs 7L to 9L per annum,InternshalaSim
JOB00219,Data Analyst - Entry Level,Williams-Brown Labs,Hyderabad,"Data Analyst - Entry Level needed for a fast-paced fintech startup. Core stack: Statistics, Pandas, A/B Testing, Python, Machine Learning. Bonus points for Looker, VBA exposure.","02 August, 2025",,NaukriSim
JOB00455,BI Analyst,Lamb Martin and Kim Softwares,Bangalore,"The ideal candidate is proficient in ETL, PostgreSQL, Airflow, SQL, Python and can translate business questions into data-driven answers. Experience with Machine Learning, Git is a plus.",2025-12-01,,LinkedInSim
JOB00309,Data Analyst - Entry Level,Phillips Spence and Barrett Analytics,noida ,"The ideal candidate is proficient in Excel, Communication Skills, VBA, PowerPoint and can translate business questions into data-driven answers. Experience with Pandas, Google Sheets, SQL is a plus.",12/05/2026,7-9 LPA,IndeedSim
JOB00695,Business Analyst,Price LLC Systems,"Bengaluru, Karnataka","We are looking for a Business Analyst to join our analytics team. Must have hands-on experience with Stakeholder Management, Excel, Power BI, SQL. Prior internship experience preferred.",29/01/2026,"INR 4,00,000 - 6,00,000",InternshalaSim
JOB00487,BI Analyst,Hartman Romero and Smith Softwares,Noida,"The ideal candidate is proficient in AWS, SQL, dbt, Python, Git and can translate business questions into data-driven answers. Experience with PostgreSQL is a plus.","11 May, 2026",8-9 LPA,LinkedInSim
JOB00692,Marketing Data Analyst,Atkinson LLC Labs,Delhi,"Responsibilities include building dashboards, writing queries, and reporting to leadership. Required: Excel, Communication Skills, VBA, PowerPoint. Nice to have: AWS, Advanced Excel.",10/01/2026,₹3L - ₹5L PA,NaukriSim
JOB00175,Product Analyst,Ramirez-Bean Digital,pune,"We are looking for a Product Analyst to join our analytics team. Must have hands-on experience with Tableau, Data Warehousing, Snowflake, SQL. Prior internship experience preferred.",18/04/2026,"INR 4,00,000 - 5,00,000",NaukriSim
JOB00018,Data Analyst (Fresher),Flowers Martin and Kelly Labs,"Bengaluru, Karnataka","We are looking for a Data Analyst (Fresher) to join our analytics team. Must have hands-on experience with Stakeholder Management, Excel, Power BI, SQL. Prior internship experience preferred.",2025-08-11,,IndeedSim
JOB00710,Data Analyst (Fresher),Edwards-Williams Analytics,Remote,"We are looking for a Data Analyst (Fresher) to join our analytics team. Must have hands-on experience with Excel, Communication Skills, VBA, PowerPoint. Prior internship experience preferred.","03 February, 2026",₹8L - ₹10L PA,LinkedInSim
JOB00583,Associate Data Analyst,Martin-Ewing Digital,remote,"Join our growing data team! Skills needed: Tableau, Data Warehousing, Snowflake, SQL. Freshers with strong Python, R fundamentals encouraged to apply.",2025-09-23,Rs 6L to 9L per annum,IndeedSim
JOB00741,Marketing Data Analyst,Mueller Knight and Hodge Digital,pune,"Join our growing data team! Skills needed: AWS, SQL, dbt, Python, Git. Freshers with strong Advanced Excel fundamentals encouraged to apply.",04-Jul-2026,8-9 LPA,IndeedSim
JOB00531,Data Analyst - Entry Level,Hicks-Martinez Systems,Remote - India,"Data Analyst - Entry Level needed for a fast-paced fintech startup. Core stack: ETL, PostgreSQL, Airflow, SQL, Python. Bonus points for Tableau, Git exposure.",11/10/2025,,InternshalaSim
JOB00007,Analytics Associate,Blake and Sons Labs,mumbai ,"Analytics Associate needed for a fast-paced fintech startup. Core stack: Excel, Communication Skills, VBA, PowerPoint. Bonus points for R, Data Warehousing exposure.",31-Mar-2026,₹3L - ₹4L PA,IndeedSim
JOB00330,Data Analyst - Entry Level,Herman-Walker Softwares,Gurugram,"Responsibilities include building dashboards, writing queries, and reporting to leadership. Required: Tableau, Data Warehousing, Snowflake, SQL. Nice to have: dbt, AWS, ETL.",2025-12-02,,LinkedInSim
JOB00530,Operations Analyst,Mckinney Graves and Thompson Technologies,New Delhi,"Join our growing data team! Skills needed: ETL, PostgreSQL, Airflow, SQL, Python. Freshers with strong Stakeholder Management fundamentals encouraged to apply.",Nov 2025,,IndeedSim
JOB00226,Marketing Data Analyst,Hernandez PLC Solutions,Gurugram,"We are looking for a Marketing Data Analyst to join our analytics team. Must have hands-on experience with Stakeholder Management, Excel, Power BI, SQL. Prior internship experience preferred.",19-Apr-2026,Rs 7L to 9L per annum,IndeedSim
JOB00062,Data Analyst,Powell LLC Systems,"hyderabad, TG","We are looking for a Data Analyst to join our analytics team. Must have hands-on experience with Excel, Communication Skills, VBA, PowerPoint. Prior internship experience preferred.",Mar 2026,,NaukriSim
JOB00411,Business Analyst,Kim Inc Technologies,"hyderabad, TG","Join our growing data team! Skills needed: ETL, PostgreSQL, Airflow, SQL, Python. Freshers with strong Pandas, Google Sheets fundamentals encouraged to apply.",Jan 2026,₹3L - ₹5L PA,LinkedInSim
JOB00642,Operations Analyst,Turner-Sharp Softwares,Chennai,"Responsibilities include building dashboards, writing queries, and reporting to leadership. Required: Excel, Communication Skills, VBA, PowerPoint. Nice to have: Stakeholder Management, Power BI, MySQL.",31/01/2026,,LinkedInSim
JOB00109,Business Analyst,Hancock and Sons Solutions,Remote - India,"Join our growing data team! Skills needed: Stakeholder Management, Excel, Power BI, SQL. Freshers with strong Looker, R, PostgreSQL fundamentals encouraged to apply.","15 November, 2025",₹5L - ₹6L PA,IndeedSim
JOB00107,Data Analyst,Wright Garcia and Deleon Solutions,New Delhi,"We are looking for a Data Analyst to join our analytics team. Must have hands-on experience with AWS, SQL, dbt, Python, Git. Prior internship experience preferred.",20/04/2026,6-7 LPA,NaukriSim
JOB00634,Reporting Analyst,Higgins-Smith Digital,"hyderabad, TG","Responsibilities include building dashboards, writing queries, and reporting to leadership. Required: Stakeholder Management, Excel, Power BI, SQL. Nice to have: ETL, Data Warehousing.",Dec 2025,,InternshalaSim
JOB00091,Junior Data Analyst,Turner Riggs and Roman Digital,Bangalore,"Responsibilities include building dashboards, writing queries, and reporting to leadership. Required: Statistics, Pandas, A/B Testing, Python, Machine Learning. Nice to have: Looker, MySQL.",Sep 2025,5-6 LPA,InternshalaSim
JOB00440,Operations Analyst,King-York Technologies,Pune,"The ideal candidate is proficient in Tableau, Data Warehousing, Snowflake, SQL and can translate business questions into data-driven answers. Experience with Azure, R is a plus.",21-Jun-2026,,IndeedSim
JOB00053,Junior Data Analyst,Chapman and Sons Systems,noida ,"Junior Data Analyst needed for a fast-paced fintech startup. Core stack: Tableau, Data Warehousing, Snowflake, SQL. Bonus points for PowerPoint exposure.",30-Jun-2026,₹8L - ₹10L PA,IndeedSim
JOB00637,Marketing Data Analyst,Wilcox-Robertson Softwares,Mumbai,"Marketing Data Analyst needed for a fast-paced fintech startup. Core stack: ETL, PostgreSQL, Airflow, SQL, Python. Bonus points for Tableau exposure.",2025-11-12,6-8 LPA,LinkedInSim
JOB00032,Business Analyst,Carlson-Cruz Solutions,pune,"Responsibilities include building dashboards, writing queries, and reporting to leadership. Required: Stakeholder Management, Excel, Power BI, SQL. Nice to have: Airflow.",23/12/2025,,NaukriSim
JOB00268,Data Analyst,Jimenez Ltd Labs,Noida,"Data Analyst needed for a fast-paced fintech startup. Core stack: Statistics, Pandas, A/B Testing, Python, Machine Learning. Bonus points for Git, Google Sheets exposure.",2025-11-18,,InternshalaSim
JOB00280,BI Analyst,Reyes Chase and Jenkins Systems,"Bengaluru, Karnataka","Join our growing data team! Skills needed: AWS, SQL, dbt, Python, Git. Freshers with strong SQL fundamentals encouraged to apply.",Dec 2025,Rs 6L to 8L per annum,IndeedSim
JOB00427,Analytics Associate,Johnson-Wood Digital,Chennai,"Join our growing data team! Skills needed: Statistics, Pandas, A/B Testing, Python, Machine Learning. Freshers with strong Tableau, GCP, ETL fundamentals encouraged to apply.",22-Jan-2026,Rs 5L to 7L per annum,InternshalaSim
JOB00037,Operations Analyst,Smith-Bowen Systems,Chennai,"Responsibilities include building dashboards, writing queries, and reporting to leadership. Required: Statistics, Pandas, A/B Testing, Python, Machine Learning. Nice to have: Google Sheets, NumPy.",11/10/2025,,InternshalaSim
JOB00437,Product Analyst,Ortiz-Morgan Technologies,delhi ncr,"Join our growing data team! Skills needed: ETL, PostgreSQL, Airflow, SQL, Python. Freshers with strong Communication Skills fundamentals encouraged to apply.",05/09/2025,"INR 4,00,000 - 5,00,000",LinkedInSim
JOB00315,Data Analyst - Entry Level,Becker Taylor and Davis Labs,Mumbai,"The ideal candidate is proficient in ETL, PostgreSQL, Airflow, SQL, Python and can translate business questions into data-driven answers. Experience with Azure, Machine Learning is a plus.",19-May-2026,"INR 3,00,000 - 5,00,000",NaukriSim
JOB00009,Business Analyst,Garcia-James Labs,Remote,"Join our growing data team! Skills needed: Tableau, Data Warehousing, Snowflake, SQL. Freshers with strong Airflow, Machine Learning fundamentals encouraged to apply.",Sep 2025,Rs 4L to 7L per annum,NaukriSim
JOB00426,Product Analyst,Brown Romero and Collins Solutions,Remote,"Product Analyst needed for a fast-paced fintech startup. Core stack: AWS, SQL, dbt, Python, Git. Bonus points for Airflow, Google Sheets, MySQL exposure.",Jan 2026,6-7 LPA,LinkedInSim
JOB00018,Data Analyst (Fresher),Flowers Martin and Kelly Labs,"Bengaluru, Karnataka","We are looking for a Data Analyst (Fresher) to join our analytics team. Must have hands-on experience with Stakeholder Management, Excel, Power BI, SQL. Prior internship experience preferred.",2025-08-11,,IndeedSim
JOB00628,Associate Data Analyst,Mcdowell-Smith Digital,noida ,"Associate Data Analyst needed for a fast-paced fintech startup. Core stack: AWS, SQL, dbt, Python, Git. Bonus points for Airflow, Pandas exposure.",09-Sep-2025,Rs 8L to 11L per annum,IndeedSim
JOB00556,Operations Analyst,Moore Group Solutions,"Mumbai, MH","Join our growing data team! Skills needed: ETL, PostgreSQL, Airflow, SQL, Python. Freshers with strong Pandas, GCP fundamentals encouraged to apply.",30-Jun-2026,Rs 5L to 7L per annum,LinkedInSim
JOB00555,Reporting Analyst,Evans-Jones Softwares,Chennai,"Join our growing data team! Skills needed: Statistics, Pandas, A/B Testing, Python, Machine Learning. Freshers with strong SQL fundamentals encouraged to apply.",2026-06-06,5-7 LPA,InternshalaSim
JOB00488,Associate Data Analyst,Williams-Hughes Systems,Pune,"Responsibilities include building dashboards, writing queries, and reporting to leadership. Required: Tableau, Data Warehousing, Snowflake, SQL. Nice to have: Looker, Excel.","18 February, 2026",Rs 8L to 10L per annum,NaukriSim
JOB00561,BI Analyst,Rodriguez Allen and Martinez Systems,New Delhi,"BI Analyst needed for a fast-paced fintech startup. Core stack: AWS, SQL, dbt, Python, Git. Bonus points for Statistics, MySQL exposure.",28-Sep-2025,"INR 3,00,000 - 4,00,000",IndeedSim
JOB00563,Associate Data Analyst,Dougherty-Lin Analytics,"Bengaluru, Karnataka","Responsibilities include building dashboards, writing queries, and reporting to leadership. Required: ETL, PostgreSQL, Airflow, SQL, Python. Nice to have: AWS.",12-Feb-2026,,InternshalaSim
JOB00447,Business Analyst,Henderson Cox and Cox Consulting,Mumbai,"Responsibilities include building dashboards, writing queries, and reporting to leadership. Required: AWS, SQL, dbt, Python, Git. Nice to have: VBA.",Dec 2025,"INR 8,00,000 - 11,00,000",LinkedInSim
JOB00265,Business Analyst,Tran Inc Labs,Pune,"Business Analyst needed for a fast-paced fintech startup. Core stack: Statistics, Pandas, A/B Testing, Python, Machine Learning. Bonus points for Data Warehousing, PostgreSQL exposure.",2026-03-11,,NaukriSim
JOB00737,Data Analyst (Fresher),Frey Santos and Johnson Digital,Bengaluru,"The ideal candidate is proficient in Statistics, Pandas, A/B Testing, Python, Machine Learning and can translate business questions into data-driven answers. Experience with Airflow, GCP, Power BI is a plus.",Mar 2026,Rs 6L to 8L per annum,InternshalaSim
JOB00661,Marketing Data Analyst,Foster Inc Analytics,"Mumbai, MH","Marketing Data Analyst needed for a fast-paced fintech startup. Core stack: Tableau, Data Warehousing, Snowflake, SQL. Bonus points for Machine Learning, VBA exposure.",27/10/2025,₹7L - ₹8L PA,LinkedInSim
JOB00615,Business Analyst,Gilbert PLC Solutions,Chennai,"The ideal candidate is proficient in Statistics, Pandas, A/B Testing, Python, Machine Learning and can translate business questions into data-driven answers. Experience with Git, Snowflake is a plus.",2025-09-26,Rs 7L to 8L per annum,NaukriSim
JOB00673,Marketing Data Analyst,Nunez-Stephens Technologies,Remote - India,"We are looking for a Marketing Data Analyst to join our analytics team. Must have hands-on experience with Excel, Communication Skills, VBA, PowerPoint. Prior internship experience preferred.",11/08/2025,Rs 8L to 11L per annum,InternshalaSim
JOB00610,Reporting Analyst,Blevins-Ballard Solutions,Chennai,"The ideal candidate is proficient in Excel, Communication Skills, VBA, PowerPoint and can translate business questions into data-driven answers. Experience with Looker, Git is a plus.",06-Jun-2026,"INR 6,00,000 - 7,00,000",NaukriSim
JOB00389,Product Analyst,Bennett Group Consulting,Mumbai,"Join our growing data team! Skills needed: Stakeholder Management, Excel, Power BI, SQL. Freshers with strong PostgreSQL fundamentals encouraged to apply.",2025-09-10,Rs 7L to 8L per annum,IndeedSim
JOB00143,Data Analyst,Gibson Ltd Solutions,"hyderabad, TG","Responsibilities include building dashboards, writing queries, and reporting to leadership. Required: Tableau, Data Warehousing, Snowflake, SQL. Nice to have: GCP, MySQL.",Mar 2026,,IndeedSim
JOB00715,Product Analyst,Pena Cohen and Scott Labs,Chennai,"Join our growing data team! Skills needed: Statistics, Pandas, A/B Testing, Python, Machine Learning. Freshers with strong Looker, AWS, Git fundamentals encouraged to apply.",2025-09-30,Rs 5L to 8L per annum,IndeedSim
JOB00395,Associate Data Analyst,Ramos Nelson and Fischer Technologies,mumbai ,"Associate Data Analyst needed for a fast-paced fintech startup. Core stack: Excel, Communication Skills, VBA, PowerPoint. Bonus points for Power BI, Git exposure.",21-Oct-2025,₹5L - ₹7L PA,InternshalaSim
JOB00620,Reporting Analyst,Russell Group Softwares,pune,"Reporting Analyst needed for a fast-paced fintech startup. Core stack: AWS, SQL, dbt, Python, Git. Bonus points for Snowflake exposure.",15-May-2026,5-8 LPA,InternshalaSim
JOB00476,Analytics Associate,Gilbert-Bullock Systems,Bangalore,"The ideal candidate is proficient in Tableau, Data Warehousing, Snowflake, SQL and can translate business questions into data-driven answers. Experience with Git is a plus.",07/02/2026,,IndeedSim
JOB00727,Associate Data Analyst,Durham Hopkins and Smith Labs,Bengaluru,"Responsibilities include building dashboards, writing queries, and reporting to leadership. Required: AWS, SQL, dbt, Python, Git. Nice to have: ETL, Data Warehousing.",2026-06-29,Rs 6L to 8L per annum,NaukriSim
JOB00111,Reporting Analyst,Patton-Jenkins Labs,Mumbai,"We are looking for a Reporting Analyst to join our analytics team. Must have hands-on experience with Statistics, Pandas, A/B Testing, Python, Machine Learning. Prior internship experience preferred.",Nov 2025,,InternshalaSim
JOB00156,Associate Data Analyst,Hill Inc Systems,"hyderabad, TG","Associate Data Analyst needed for a fast-paced fintech startup. Core stack: Stakeholder Management, Excel, Power BI, SQL. Bonus points for A/B Testing exposure.",29/11/2025,,IndeedSim
JOB00020,Associate Data Analyst,Reid Ferguson and Sanchez Analytics,bangalore,"The ideal candidate is proficient in AWS, SQL, dbt, Python, Git and can translate business questions into data-driven answers. Experience with Communication Skills, PostgreSQL is a plus.",Apr 2026,₹4L - ₹6L PA,LinkedInSim
JOB00690,Data Analyst (Fresher),Flores Butler and Hernandez Consulting,"Mumbai, MH","Responsibilities include building dashboards, writing queries, and reporting to leadership. Required: ETL, PostgreSQL, Airflow, SQL, Python. Nice to have: Excel, PowerPoint.",Apr 2026,"INR 6,00,000 - 9,00,000",IndeedSim
JOB00026,Junior Data Analyst,Wilkerson-Day Labs,Gurgaon,"Junior Data Analyst needed for a fast-paced fintech startup. Core stack: Statistics, Pandas, A/B Testing, Python, Machine Learning. Bonus points for Looker exposure.",26-Jul-2025,₹8L - ₹11L PA,IndeedSim
JOB00296,Operations Analyst,Williams Inc Analytics,Delhi,"Responsibilities include building dashboards, writing queries, and reporting to leadership. Required: ETL, PostgreSQL, Airflow, SQL, Python. Nice to have: Looker.",Mar 2026,Rs 3L to 4L per annum,LinkedInSim
JOB00379,Data Analyst (Fresher),Moore Group Technologies,Bengaluru,"We are looking for a Data Analyst (Fresher) to join our analytics team. Must have hands-on experience with ETL, PostgreSQL, Airflow, SQL, Python. Prior internship experience preferred.",19-Jun-2026,,NaukriSim
JOB00294,Data Analyst,Good-Hodges Solutions,New Delhi,"Data Analyst needed for a fast-paced fintech startup. Core stack: Excel, Communication Skills, VBA, PowerPoint. Bonus points for ETL exposure.",Aug 2025,,IndeedSim
JOB00470,Product Analyst,Hughes Inc Consulting,Remote,"Product Analyst needed for a fast-paced fintech startup. Core stack: Tableau, Data Warehousing, Snowflake, SQL. Bonus points for Excel exposure.",05-Aug-2025,5-6 LPA,IndeedSim
JOB00167,Reporting Analyst,Hurst Freeman and Nelson Systems,Delhi,"Join our growing data team! Skills needed: Statistics, Pandas, A/B Testing, Python, Machine Learning. Freshers with strong dbt, Excel fundamentals encouraged to apply.",Feb 2026,"INR 8,00,000 - 10,00,000",NaukriSim
JOB00478,Data Analyst - Entry Level,Bentley Lynch and Henderson Consulting,Remote,"Responsibilities include building dashboards, writing queries, and reporting to leadership. Required: Statistics, Pandas, A/B Testing, Python, Machine Learning. Nice to have: dbt, Power BI.",01/10/2025,,IndeedSim
JOB00674,Analytics Associate,Gray Hall and Murray Analytics,Noida,"We are looking for a Analytics Associate to join our analytics team. Must have hands-on experience with AWS, SQL, dbt, Python, Git. Prior internship experience preferred.",Aug 2025,"INR 5,00,000 - 7,00,000",InternshalaSim
JOB00323,Operations Analyst,Taylor and Sons Technologies,mumbai ,"Operations Analyst needed for a fast-paced fintech startup. Core stack: Stakeholder Management, Excel, Power BI, SQL. Bonus points for AWS, Machine Learning exposure.",Aug 2025,,InternshalaSim
JOB00452,Data Analyst (Fresher),Stanley PLC Technologies,Chennai,"We are looking for a Data Analyst (Fresher) to join our analytics team. Must have hands-on experience with Stakeholder Management, Excel, Power BI, SQL. Prior internship experience preferred.","18 March, 2026",Rs 8L to 9L per annum,NaukriSim
JOB00101,BI Analyst,Figueroa PLC Solutions,Bengaluru,"BI Analyst needed for a fast-paced fintech startup. Core stack: ETL, PostgreSQL, Airflow, SQL, Python. Bonus points for Data Warehousing exposure.",14-Oct-2025,"INR 7,00,000 - 10,00,000",InternshalaSim
JOB00749,Data Analyst,Hickman-Evans Labs,"hyderabad, TG","We are looking for a Data Analyst to join our analytics team. Must have hands-on experience with Excel, Communication Skills, VBA, PowerPoint. Prior internship experience preferred.",2026-03-07,3-4 LPA,NaukriSim
JOB00148,Marketing Data Analyst,Holmes Williams and Wright Analytics,Hyderabad,"Marketing Data Analyst needed for a fast-paced fintech startup. Core stack: Excel, Communication Skills, VBA, PowerPoint. Bonus points for Azure, Power BI, Statistics exposure.","28 August, 2025",,LinkedInSim
JOB00178,Business Analyst,Walker-Jones Softwares,Mumbai,"Business Analyst needed for a fast-paced fintech startup. Core stack: Excel, Communication Skills, VBA, PowerPoint. Bonus points for ETL, Statistics, Google Sheets exposure.","22 November, 2025",₹4L - ₹5L PA,InternshalaSim
JOB00081,BI Analyst,Sanchez Wheeler and Harvey Digital,Noida,"BI Analyst needed for a fast-paced fintech startup. Core stack: Stakeholder Management, Excel, Power BI, SQL. Bonus points for Snowflake exposure.",08-Jan-2026,₹6L - ₹9L PA,NaukriSim
JOB00518,Reporting Analyst,Hernandez Cole and Watson Analytics,Hyderabad,"Reporting Analyst needed for a fast-paced fintech startup. Core stack: Tableau, Data Warehousing, Snowflake, SQL. Bonus points for Communication Skills exposure.",2026-06-19,,LinkedInSim
JOB00578,Data Analyst,Brooks-Hatfield Technologies,mumbai ,"The ideal candidate is proficient in Tableau, Data Warehousing, Snowflake, SQL and can translate business questions into data-driven answers. Experience with Stakeholder Management, Pandas, VBA is a plus.",Nov 2025,,InternshalaSim
JOB00622,Junior Data Analyst,Morris-Brewer Technologies,Chennai,"The ideal candidate is proficient in Statistics, Pandas, A/B Testing, Python, Machine Learning and can translate business questions into data-driven answers. Experience with Advanced Excel, Snowflake is a plus.","10 November, 2025","INR 7,00,000 - 8,00,000",InternshalaSim
JOB00165,Data Analyst (Fresher),Castaneda-Ashley Softwares,bangalore,"The ideal candidate is proficient in AWS, SQL, dbt, Python, Git and can translate business questions into data-driven answers. Experience with Azure is a plus.",07-Oct-2025,Rs 6L to 9L per annum,IndeedSim
JOB00204,Data Analyst,Beard Peters and Black Labs,remote,"Responsibilities include building dashboards, writing queries, and reporting to leadership. Required: ETL, PostgreSQL, Airflow, SQL, Python. Nice to have: Communication Skills, A/B Testing.","29 April, 2026",,InternshalaSim
JOB00415,Data Analyst - Entry Level,Dixon Inc Consulting,bangalore,"The ideal candidate is proficient in AWS, SQL, dbt, Python, Git and can translate business questions into data-driven answers. Experience with MySQL is a plus.",Aug 2025,₹4L - ₹6L PA,InternshalaSim
JOB00653,Operations Analyst,Cox Stark and Rodriguez Digital,pune,"Join our growing data team! Skills needed: Stakeholder Management, Excel, Power BI, SQL. Freshers with strong SQL fundamentals encouraged to apply.",May 2026,,NaukriSim
JOB00314,Reporting Analyst,Byrd-Le Softwares,Chennai,"The ideal candidate is proficient in Tableau, Data Warehousing, Snowflake, SQL and can translate business questions into data-driven answers. Experience with NumPy, Git, Google Sheets is a plus.",Jan 2026,Rs 4L to 5L per annum,NaukriSim
JOB00257,Data Analyst,Cordova Group Labs,Remote,"We are looking for a Data Analyst to join our analytics team. Must have hands-on experience with Statistics, Pandas, A/B Testing, Python, Machine Learning. Prior internship experience preferred.",2026-01-31,"INR 6,00,000 - 9,00,000",NaukriSim
JOB00237,Data Analyst - Entry Level,Warner-Gibson Softwares,New Delhi,"Data Analyst - Entry Level needed for a fast-paced fintech startup. Core stack: Statistics, Pandas, A/B Testing, Python, Machine Learning. Bonus points for GCP, NumPy exposure.","16 May, 2026",₹5L - ₹8L PA,NaukriSim
JOB00124,Business Analyst,Joyce Wilson and Lam Analytics,delhi ncr,"Business Analyst needed for a fast-paced fintech startup. Core stack: Stakeholder Management, Excel, Power BI, SQL. Bonus points for GCP, VBA, Communication Skills exposure.",02-Jul-2026,Rs 7L to 8L per annum,LinkedInSim
JOB00364,Data Analyst - Entry Level,Kelley Nguyen and Vang Analytics,New Delhi,"The ideal candidate is proficient in Statistics, Pandas, A/B Testing, Python, Machine Learning and can translate business questions into data-driven answers. Experience with SQL is a plus.",29-Oct-2025,₹6L - ₹7L PA,IndeedSim
JOB00076,Data Analyst - Entry Level,Daniels Adkins and Brown Softwares,Remote,"Data Analyst - Entry Level needed for a fast-paced fintech startup. Core stack: ETL, PostgreSQL, Airflow, SQL, Python. Bonus points for Excel exposure.",2026-05-13,,InternshalaSim
JOB00227,Product Analyst,Miller-Wright Digital,pune,"The ideal candidate is proficient in ETL, PostgreSQL, Airflow, SQL, Python and can translate business questions into data-driven answers. Experience with GCP, Data Warehousing is a plus.",10/10/2025,"INR 4,00,000 - 5,00,000",InternshalaSim
JOB00725,Junior Data Analyst,Wagner LLC Solutions,mumbai ,"Responsibilities include building dashboards, writing queries, and reporting to leadership. Required: Stakeholder Management, Excel, Power BI, SQL. Nice to have: Azure, MySQL.","06 February, 2026",Rs 7L to 8L per annum,InternshalaSim
JOB00106,Data Analyst - Entry Level,Nolan and Sons Analytics,Gurgaon,"Responsibilities include building dashboards, writing queries, and reporting to leadership. Required: Tableau, Data Warehousing, Snowflake, SQL. Nice to have: VBA, MySQL.",01/10/2025,₹7L - ₹10L PA,IndeedSim
JOB00104,Junior Data Analyst,Tran Jordan and Williams Digital,"Bengaluru, Karnataka","Junior Data Analyst needed for a fast-paced fintech startup. Core stack: AWS, SQL, dbt, Python, Git. Bonus points for Statistics, Power BI, PowerPoint exposure.","21 June, 2026",₹7L - ₹9L PA,InternshalaSim
JOB00095,Analytics Associate,Campbell-Clark Consulting,bangalore,"Join our growing data team! Skills needed: Excel, Communication Skills, VBA, PowerPoint. Freshers with strong MySQL fundamentals encouraged to apply.",05/06/2026,₹7L - ₹8L PA,IndeedSim
JOB00747,Analytics Associate,Ali PLC Analytics,Hyderabad,"The ideal candidate is proficient in Tableau, Data Warehousing, Snowflake, SQL and can translate business questions into data-driven answers. Experience with SQL is a plus.",21/06/2026,Rs 4L to 6L per annum,InternshalaSim
JOB00365,Junior Data Analyst,Phillips Wagner and Jordan Systems,New Delhi,"Join our growing data team! Skills needed: Tableau, Data Warehousing, Snowflake, SQL. Freshers with strong Machine Learning, A/B Testing fundamentals encouraged to apply.","15 January, 2026","INR 3,00,000 - 6,00,000",IndeedSim
JOB00256,Product Analyst,Johnson Miller and King Systems,Remote - India,"Join our growing data team! Skills needed: ETL, PostgreSQL, Airflow, SQL, Python. Freshers with strong Machine Learning, Statistics fundamentals encouraged to apply.","12 April, 2026",₹4L - ₹5L PA,InternshalaSim
JOB00650,Operations Analyst,Todd-Pham Digital,Chennai,"Responsibilities include building dashboards, writing queries, and reporting to leadership. Required: Stakeholder Management, Excel, Power BI, SQL. Nice to have: Communication Skills, Statistics.","03 September, 2025",₹3L - ₹6L PA,InternshalaSim
JOB00572,Reporting Analyst,Smith Rodriguez and Anderson Digital,"Mumbai, MH","The ideal candidate is proficient in Stakeholder Management, Excel, Power BI, SQL and can translate business questions into data-driven answers. Experience with Statistics, Snowflake is a plus.",Jul 2026,₹6L - ₹8L PA,NaukriSim
JOB00740,Junior Data Analyst,Miller Group Digital,remote,"Join our growing data team! Skills needed: ETL, PostgreSQL, Airflow, SQL, Python. Freshers with strong VBA fundamentals encouraged to apply.",13-Mar-2026,"INR 6,00,000 - 9,00,000",NaukriSim
JOB00119,Associate Data Analyst,May-Ross Labs,Gurugram,"We are looking for a Associate Data Analyst to join our analytics team. Must have hands-on experience with Tableau, Data Warehousing, Snowflake, SQL. Prior internship experience preferred.",2025-12-03,₹5L - ₹8L PA,InternshalaSim
JOB00524,Product Analyst,Griffin Davies and Mitchell Consulting,Remote,"The ideal candidate is proficient in Tableau, Data Warehousing, Snowflake, SQL and can translate business questions into data-driven answers. Experience with Looker is a plus.",2026-03-02,,LinkedInSim
JOB00327,BI Analyst,Richards-Carson Labs,Gurugram,"The ideal candidate is proficient in Statistics, Pandas, A/B Testing, Python, Machine Learning and can translate business questions into data-driven answers. Experience with Azure is a plus.",Oct 2025,Rs 4L to 5L per annum,InternshalaSim
JOB00015,Data Analyst (Fresher),Williams and Sons Consulting,Hyderabad,"The ideal candidate is proficient in Tableau, Data Warehousing, Snowflake, SQL and can translate business questions into data-driven answers. Experience with Advanced Excel, MySQL is a plus.",19-Jun-2026,,LinkedInSim
JOB00172,Junior Data Analyst,Alvarado Miller and Patterson Labs,Remote,"Join our growing data team! Skills needed: AWS, SQL, dbt, Python, Git. Freshers with strong Stakeholder Management, Tableau fundamentals encouraged to apply.",2026-04-22,6-8 LPA,IndeedSim
JOB00043,Product Analyst,Rodriguez LLC Digital,Remote,"Join our growing data team! Skills needed: Excel, Communication Skills, VBA, PowerPoint. Freshers with strong Airflow fundamentals encouraged to apply.",03-Dec-2025,Rs 8L to 10L per annum,LinkedInSim
JOB00134,Operations Analyst,Carroll Sullivan and Bass Analytics,remote,"Responsibilities include building dashboards, writing queries, and reporting to leadership. Required: AWS, SQL, dbt, Python, Git. Nice to have: Power BI.",15-Oct-2025,Rs 4L to 7L per annum,InternshalaSim
JOB00063,Data Analyst (Fresher),Wright and Sons Softwares,Bengaluru,"The ideal candidate is proficient in Tableau, Data Warehousing, Snowflake, SQL and can translate business questions into data-driven answers. Experience with Power BI is a plus.",06-Oct-2025,,LinkedInSim
JOB00297,Data Analyst (Fresher),Howard-Jordan Softwares,Chennai,"The ideal candidate is proficient in Statistics, Pandas, A/B Testing, Python, Machine Learning and can translate business questions into data-driven answers. Experience with Azure is a plus.",18-Jun-2026,₹6L - ₹7L PA,LinkedInSim
JOB00365,Junior Data Analyst,Phillips Wagner and Jordan Systems,New Delhi,"Join our growing data team! Skills needed: Tableau, Data Warehousing, Snowflake, SQL. Freshers with strong Machine Learning, A/B Testing fundamentals encouraged to apply.","15 January, 2026","INR 3,00,000 - 6,00,000",InternshalaSim
JOB00429,Reporting Analyst,Gilbert PLC Technologies,Chennai,"The ideal candidate is proficient in ETL, PostgreSQL, Airflow, SQL, Python and can translate business questions into data-driven answers. Experience with Pandas is a plus.",03-Apr-2026,,IndeedSim
JOB00155,Junior Data Analyst,Ramirez Strickland and Washington Technologies,delhi ncr,"The ideal candidate is proficient in Excel, Communication Skills, VBA, PowerPoint and can translate business questions into data-driven answers. Experience with Stakeholder Management, Advanced Excel, Google Sheets is a plus.","04 February, 2026",Rs 4L to 5L per annum,InternshalaSim
JOB00602,Associate Data Analyst,Payne-Lowe Softwares,Mumbai,"Associate Data Analyst needed for a fast-paced fintech startup. Core stack: Statistics, Pandas, A/B Testing, Python, Machine Learning. Bonus points for Snowflake exposure.",04-Feb-2026,,InternshalaSim
JOB00117,Marketing Data Analyst,Ross LLC Consulting,Mumbai,"Join our growing data team! Skills needed: Excel, Communication Skills, VBA, PowerPoint. Freshers with strong AWS fundamentals encouraged to apply.",01-Sep-2025,"INR 7,00,000 - 8,00,000",NaukriSim
JOB00579,Associate Data Analyst,Mcmillan Fischer and Gonzalez Analytics,remote,"Associate Data Analyst needed for a fast-paced fintech startup. Core stack: AWS, SQL, dbt, Python, Git. Bonus points for GCP, Snowflake exposure.",Oct 2025,₹4L - ₹7L PA,InternshalaSim
JOB00214,Business Analyst,Tapia Vaughn and Lee Digital,Gurugram,"Business Analyst needed for a fast-paced fintech startup. Core stack: Statistics, Pandas, A/B Testing, Python, Machine Learning. Bonus points for dbt, AWS, Data Warehousing exposure.",19-Mar-2026,₹6L - ₹8L PA,LinkedInSim
JOB00425,Reporting Analyst,Welch-Hogan Analytics,"Mumbai, MH","The ideal candidate is proficient in Tableau, Data Warehousing, Snowflake, SQL and can translate business questions into data-driven answers. Experience with MySQL is a plus.",Oct 2025,,LinkedInSim
JOB00439,Reporting Analyst,Davis-Gregory Softwares,"hyderabad, TG","Reporting Analyst needed for a fast-paced fintech startup. Core stack: Stakeholder Management, Excel, Power BI, SQL. Bonus points for Airflow exposure.",04/04/2026,Rs 5L to 8L per annum,LinkedInSim
JOB00459,Associate Data Analyst,Mckee-Lee Softwares,"hyderabad, TG","Join our growing data team! Skills needed: Tableau, Data Warehousing, Snowflake, SQL. Freshers with strong ETL fundamentals encouraged to apply.",22/03/2026,Rs 6L to 8L per annum,InternshalaSim
JOB00457,Analytics Associate,Bishop-Goodwin Digital,bangalore,"The ideal candidate is proficient in ETL, PostgreSQL, Airflow, SQL, Python and can translate business questions into data-driven answers. Experience with Stakeholder Management, Machine Learning is a plus.",29/04/2026,,NaukriSim
JOB00560,Marketing Data Analyst,Anderson-Wood Consulting,bangalore,"We are looking for a Marketing Data Analyst to join our analytics team. Must have hands-on experience with Statistics, Pandas, A/B Testing, Python, Machine Learning. Prior internship experience preferred.",31/10/2025,4-5 LPA,IndeedSim
JOB00011,Marketing Data Analyst,Blair PLC Analytics,noida ,"Responsibilities include building dashboards, writing queries, and reporting to leadership. Required: Tableau, Data Warehousing, Snowflake, SQL. Nice to have: VBA.",25-May-2026,"INR 6,00,000 - 7,00,000",LinkedInSim
JOB00686,Data Analyst (Fresher),Boyd Gutierrez and Hill Softwares,pune,"We are looking for a Data Analyst (Fresher) to join our analytics team. Must have hands-on experience with Tableau, Data Warehousing, Snowflake, SQL. Prior internship experience preferred.","01 December, 2025",₹4L - ₹5L PA,NaukriSim
JOB00013,Data Analyst,Arnold Ltd Analytics,Gurgaon,"The ideal candidate is proficient in Statistics, Pandas, A/B Testing, Python, Machine Learning and can translate business questions into data-driven answers. Experience with SQL is a plus.",2025-10-04,,InternshalaSim
JOB00082,Data Analyst - Entry Level,Sandoval-Cunningham Systems,Delhi,"We are looking for a Data Analyst - Entry Level to join our analytics team. Must have hands-on experience with AWS, SQL, dbt, Python, Git. Prior internship experience preferred.",2025-08-31,₹8L - ₹10L PA,NaukriSim
JOB00484,Data Analyst (Fresher),Mendez and Sons Digital,Delhi,"The ideal candidate is proficient in Tableau, Data Warehousing, Snowflake, SQL and can translate business questions into data-driven answers. Experience with GCP is a plus.",Nov 2025,,LinkedInSim
JOB00288,Product Analyst,Morgan-Schwartz Technologies,Mumbai,"Responsibilities include building dashboards, writing queries, and reporting to leadership. Required: AWS, SQL, dbt, Python, Git. Nice to have: MySQL, PostgreSQL, Snowflake.",Oct 2025,₹7L - ₹8L PA,InternshalaSim
JOB00344,Business Analyst,Davis-Lewis Systems,Bangalore,"We are looking for a Business Analyst to join our analytics team. Must have hands-on experience with Statistics, Pandas, A/B Testing, Python, Machine Learning. Prior internship experience preferred.",04-May-2026,"INR 8,00,000 - 11,00,000",InternshalaSim
JOB00191,Data Analyst - Entry Level,Reed Group Systems,"Mumbai, MH","Responsibilities include building dashboards, writing queries, and reporting to leadership. Required: Statistics, Pandas, A/B Testing, Python, Machine Learning. Nice to have: Looker, Stakeholder Management, PostgreSQL.","04 June, 2026","INR 4,00,000 - 5,00,000",InternshalaSim
JOB00329,Data Analyst,Harvey PLC Technologies,Bengaluru,"Data Analyst needed for a fast-paced fintech startup. Core stack: Tableau, Data Warehousing, Snowflake, SQL. Bonus points for Pandas, Git exposure.",07/10/2025,"INR 6,00,000 - 8,00,000",NaukriSim
JOB00743,Marketing Data Analyst,Lewis Ltd Digital,Pune,"The ideal candidate is proficient in AWS, SQL, dbt, Python, Git and can translate business questions into data-driven answers. Experience with Azure, PostgreSQL is a plus.",17/12/2025,"INR 5,00,000 - 8,00,000",LinkedInSim
JOB00272,Data Analyst - Entry Level,Suarez Shields and Hill Digital,Gurgaon,"Data Analyst - Entry Level needed for a fast-paced fintech startup. Core stack: ETL, PostgreSQL, Airflow, SQL, Python. Bonus points for Advanced Excel exposure.",09-Feb-2026,"INR 3,00,000 - 6,00,000",LinkedInSim
JOB00078,BI Analyst,Yu Inc Digital,Hyderabad,"The ideal candidate is proficient in Statistics, Pandas, A/B Testing, Python, Machine Learning and can translate business questions into data-driven answers. Experience with dbt is a plus.",Oct 2025,,InternshalaSim
JOB00626,BI Analyst,Osborn Group Softwares,noida ,"The ideal candidate is proficient in Excel, Communication Skills, VBA, PowerPoint and can translate business questions into data-driven answers. Experience with R, NumPy is a plus.",04/04/2026,,IndeedSim
JOB00721,Associate Data Analyst,Landry Ltd Systems,mumbai ,"We are looking for a Associate Data Analyst to join our analytics team. Must have hands-on experience with ETL, PostgreSQL, Airflow, SQL, Python. Prior internship experience preferred.",22-Apr-2026,,InternshalaSim
JOB00424,Analytics Associate,Hernandez-Jones Digital,Gurgaon,"Analytics Associate needed for a fast-paced fintech startup. Core stack: AWS, SQL, dbt, Python, Git. Bonus points for Communication Skills exposure.","07 March, 2026",,NaukriSim
JOB00016,Product Analyst,Galloway-Wyatt Labs,Bangalore,"We are looking for a Product Analyst to join our analytics team. Must have hands-on experience with Stakeholder Management, Excel, Power BI, SQL. Prior internship experience preferred.",05-Jul-2026,,LinkedInSim
JOB00242,Junior Data Analyst,Larson-Holloway Consulting,Gurgaon,"The ideal candidate is proficient in Statistics, Pandas, A/B Testing, Python, Machine Learning and can translate business questions into data-driven answers. Experience with SQL is a plus.",27/08/2025,,NaukriSim
JOB00652,Marketing Data Analyst,Marks Miller and Griffin Solutions,Pune,"Marketing Data Analyst needed for a fast-paced fintech startup. Core stack: Tableau, Data Warehousing, Snowflake, SQL. Bonus points for Advanced Excel, MySQL, NumPy exposure.",26/09/2025,₹5L - ₹7L PA,LinkedInSim
JOB00687,Product Analyst,Fry Hobbs and Buck Analytics,remote,,Jan 2026,7-9 LPA,LinkedInSim
JOB00320,Reporting Analyst,Shaw Nelson and Martin Labs,Hyderabad,"We are looking for a Reporting Analyst to join our analytics team. Must have hands-on experience with Statistics, Pandas, A/B Testing, Python, Machine Learning. Prior internship experience preferred.",2026-04-23,"INR 5,00,000 - 8,00,000",InternshalaSim
JOB00060,Data Analyst - Entry Level,Gomez-Jenkins Softwares,New Delhi,"Responsibilities include building dashboards, writing queries, and reporting to leadership. Required: AWS, SQL, dbt, Python, Git. Nice to have: Azure, ETL, VBA.",31/05/2026,,IndeedSim
JOB00423,Analytics Associate,Downs Morris and Maddox Systems,bangalore,"We are looking for a Analytics Associate to join our analytics team. Must have hands-on experience with Statistics, Pandas, A/B Testing, Python, Machine Learning. Prior internship experience preferred.",15/07/2026,₹3L - ₹5L PA,IndeedSim
JOB00675,Business Analyst,Hill Ltd Technologies,"Bengaluru, Karnataka","We are looking for a Business Analyst to join our analytics team. Must have hands-on experience with Excel, Communication Skills, VBA, PowerPoint. Prior internship experience preferred.",2026-03-30,"INR 8,00,000 - 11,00,000",LinkedInSim
JOB00656,Associate Data Analyst,Wilson-Harris Technologies,mumbai ,"Join our growing data team! Skills needed: Tableau, Data Warehousing, Snowflake, SQL. Freshers with strong ETL, MySQL fundamentals encouraged to apply.",2026-05-26,5-6 LPA,NaukriSim
JOB00514,Analytics Associate,Cisneros and Sons Technologies,Pune,"Join our growing data team! Skills needed: AWS, SQL, dbt, Python, Git. Freshers with strong Pandas fundamentals encouraged to apply.",28-May-2026,8-10 LPA,LinkedInSim
JOB00584,Product Analyst,Kirby Wheeler and Romero Analytics,"hyderabad, TG","Join our growing data team! Skills needed: Stakeholder Management, Excel, Power BI, SQL. Freshers with strong Snowflake, NumPy fundamentals encouraged to apply.",06-Nov-2025,,IndeedSim
JOB00718,Analytics Associate,Jackson-Cortez Analytics,Gurgaon,"Responsibilities include building dashboards, writing queries, and reporting to leadership. Required: Stakeholder Management, Excel, Power BI, SQL. Nice to have: Azure.",Dec 2025,,LinkedInSim
JOB00410,BI Analyst,Collier-Gillespie Technologies,Mumbai,"Responsibilities include building dashboards, writing queries, and reporting to leadership. Required: Stakeholder Management, Excel, Power BI, SQL. Nice to have: Python, Tableau, MySQL.",06/03/2026,8-9 LPA,NaukriSim
JOB00513,Marketing Data Analyst,Sullivan Palmer and Brady Systems,Pune,"Marketing Data Analyst needed for a fast-paced fintech startup. Core stack: Stakeholder Management, Excel, Power BI, SQL. Bonus points for Data Warehousing, Statistics, PostgreSQL exposure.",2026-01-28,5-8 LPA,LinkedInSim
JOB00664,Junior Data Analyst,Andersen Group Solutions,delhi ncr,"We are looking for a Junior Data Analyst to join our analytics team. Must have hands-on experience with ETL, PostgreSQL, Airflow, SQL, Python. Prior internship experience preferred.",04-May-2026,₹8L - ₹9L PA,IndeedSim
JOB00581,Business Analyst,Cook Wells and Bryant Consulting,Gurgaon,"Responsibilities include building dashboards, writing queries, and reporting to leadership. Required: AWS, SQL, dbt, Python, Git. Nice to have: VBA.",2026-01-08,"INR 5,00,000 - 7,00,000",NaukriSim
JOB00542,Business Analyst,Bartlett Brown and Martinez Systems,"Bengaluru, Karnataka","The ideal candidate is proficient in AWS, SQL, dbt, Python, Git and can translate business questions into data-driven answers. Experience with SQL is a plus.","08 April, 2026",Rs 3L to 5L per annum,LinkedInSim
JOB00050,Data Analyst - Entry Level,Harris Collins and Carney Analytics,Noida,"The ideal candidate is proficient in Stakeholder Management, Excel, Power BI, SQL and can translate business questions into data-driven answers. Experience with Advanced Excel is a plus.","11 July, 2026",,LinkedInSim
JOB00071,Junior Data Analyst,Gray Group Softwares,Gurgaon,"We are looking for a Junior Data Analyst to join our analytics team. Must have hands-on experience with Excel, Communication Skills, VBA, PowerPoint. Prior internship experience preferred.",30-Apr-2026,Rs 6L to 8L per annum,NaukriSim
JOB00659,Associate Data Analyst,Bryant-Brown Solutions,Mumbai,"Join our growing data team! Skills needed: Tableau, Data Warehousing, Snowflake, SQL. Freshers with strong Looker, VBA fundamentals encouraged to apply.",06-May-2026,,InternshalaSim
JOB00233,Data Analyst - Entry Level,Clark Guerrero and Moore Labs,bangalore,"Data Analyst - Entry Level needed for a fast-paced fintech startup. Core stack: Tableau, Data Warehousing, Snowflake, SQL. Bonus points for GCP, R exposure.",19/10/2025,"INR 8,00,000 - 10,00,000",IndeedSim
JOB00234,Analytics Associate,Arnold and Sons Analytics,Mumbai,"The ideal candidate is proficient in Excel, Communication Skills, VBA, PowerPoint and can translate business questions into data-driven answers. Experience with R is a plus.",27/07/2025,,IndeedSim
JOB00635,Operations Analyst,Gibbs-Bradley Labs,"hyderabad, TG","The ideal candidate is proficient in Statistics, Pandas, A/B Testing, Python, Machine Learning and can translate business questions into data-driven answers. Experience with Azure, Advanced Excel is a plus.",24-Sep-2025,Rs 8L to 11L per annum,LinkedInSim
JOB00059,Operations Analyst,Lee-Davis Consulting,Gurgaon,"Responsibilities include building dashboards, writing queries, and reporting to leadership. Required: AWS, SQL, dbt, Python, Git. Nice to have: Pandas, R.",2026-03-25,5-6 LPA,LinkedInSim
JOB00343,Reporting Analyst,Lopez-Martinez Softwares,mumbai ,"The ideal candidate is proficient in AWS, SQL, dbt, Python, Git and can translate business questions into data-driven answers. Experience with Tableau is a plus.",2025-10-31,"INR 6,00,000 - 8,00,000",LinkedInSim
JOB00450,Associate Data Analyst,Jones Inc Solutions,mumbai ,"Join our growing data team! Skills needed: ETL, PostgreSQL, Airflow, SQL, Python. Freshers with strong SQL fundamentals encouraged to apply.",14-Jul-2026,4-7 LPA,LinkedInSim
JOB00162,Product Analyst,Stein-Silva Consulting,Chennai,"Responsibilities include building dashboards, writing queries, and reporting to leadership. Required: Tableau, Data Warehousing, Snowflake, SQL. Nice to have: dbt, AWS, Machine Learning.",2025-11-20,Rs 8L to 9L per annum,IndeedSim
JOB00655,Business Analyst,Murphy PLC Solutions,Chennai,"The ideal candidate is proficient in ETL, PostgreSQL, Airflow, SQL, Python and can translate business questions into data-driven answers. Experience with dbt, Looker is a plus.","26 July, 2025",3-6 LPA,InternshalaSim
JOB00463,Junior Data Analyst,Taylor Wright and Davidson Systems,Gurugram,"Join our growing data team! Skills needed: Statistics, Pandas, A/B Testing, Python, Machine Learning. Freshers with strong Communication Skills, PostgreSQL fundamentals encouraged to apply.",2025-10-13,,LinkedInSim
JOB00644,BI Analyst,Young Contreras and Marshall Labs,Mumbai,"The ideal candidate is proficient in Tableau, Data Warehousing, Snowflake, SQL and can translate business questions into data-driven answers. Experience with Advanced Excel, PowerPoint is a plus.",Dec 2025,"INR 6,00,000 - 9,00,000",NaukriSim
JOB00716,Operations Analyst,Levy-May Systems,Pune,"The ideal candidate is proficient in Tableau, Data Warehousing, Snowflake, SQL and can translate business questions into data-driven answers. Experience with Google Sheets is a plus.","21 April, 2026",6-8 LPA,NaukriSim
JOB00460,Junior Data Analyst,Valentine Joyce and Murray Technologies,Delhi,"Junior Data Analyst needed for a fast-paced fintech startup. Core stack: Tableau, Data Warehousing, Snowflake, SQL. Bonus points for ETL exposure.",2026-04-06,,NaukriSim
JOB00703,Marketing Data Analyst,Burgess Group Analytics,Gurgaon,"Marketing Data Analyst needed for a fast-paced fintech startup. Core stack: Stakeholder Management, Excel, Power BI, SQL. Bonus points for Azure, Communication Skills exposure.",2025-10-15,₹4L - ₹5L PA,NaukriSim
JOB00338,Analytics Associate,Bass PLC Softwares,remote,"Analytics Associate needed for a fast-paced fintech startup. Core stack: Tableau, Data Warehousing, Snowflake, SQL. Bonus points for dbt, Google Sheets exposure.",Feb 2026,₹7L - ₹8L PA,InternshalaSim
JOB00355,Operations Analyst,Fisher Wilson and Brown Consulting,"Mumbai, MH","The ideal candidate is proficient in Excel, Communication Skills, VBA, PowerPoint and can translate business questions into data-driven answers. Experience with Stakeholder Management, Azure, Power BI is a plus.",18/04/2026,₹5L - ₹6L PA,LinkedInSim
JOB00636,Reporting Analyst,Thompson Ltd Digital,pune,"Join our growing data team! Skills needed: AWS, SQL, dbt, Python, Git. Freshers with strong Airflow, PowerPoint, Statistics fundamentals encouraged to apply.","30 April, 2026",,NaukriSim
JOB00378,Operations Analyst,Bell-Lane Labs,Hyderabad,"The ideal candidate is proficient in AWS, SQL, dbt, Python, Git and can translate business questions into data-driven answers. Experience with MySQL is a plus.",Nov 2025,₹7L - ₹10L PA,LinkedInSim
JOB00199,Analytics Associate,Ramirez Group Digital,Bangalore,"Responsibilities include building dashboards, writing queries, and reporting to leadership. Required: Stakeholder Management, Excel, Power BI, SQL. Nice to have: Airflow, GCP, R.","13 July, 2026",8-10 LPA,NaukriSim
JOB00249,Junior Data Analyst,Johnston-Hines Labs,Mumbai,"We are looking for a Junior Data Analyst to join our analytics team. Must have hands-on experience with Tableau, Data Warehousing, Snowflake, SQL. Prior internship experience preferred.",Feb 2026,4-5 LPA,NaukriSim
JOB00497,Associate Data Analyst,Blackwell LLC Softwares,remote,"Responsibilities include building dashboards, writing queries, and reporting to leadership. Required: AWS, SQL, dbt, Python, Git. Nice to have: Statistics, Google Sheets.",23/02/2026,,IndeedSim
JOB00303,Product Analyst,Santana-Byrd Analytics,Bangalore,"Product Analyst needed for a fast-paced fintech startup. Core stack: Tableau, Data Warehousing, Snowflake, SQL. Bonus points for GCP, Communication Skills, Statistics exposure.",13-Sep-2025,,NaukriSim
JOB00068,Business Analyst,Novak and Sons Analytics,bangalore,"Business Analyst needed for a fast-paced fintech startup. Core stack: ETL, PostgreSQL, Airflow, SQL, Python. Bonus points for SQL exposure.",Feb 2026,,IndeedSim
JOB00431,Junior Data Analyst,Huang Cole and Pacheco Digital,remote,"Join our growing data team! Skills needed: ETL, PostgreSQL, Airflow, SQL, Python. Freshers with strong NumPy fundamentals encouraged to apply.",Apr 2026,₹8L - ₹11L PA,IndeedSim
JOB00471,Data Analyst,Walker-Flores Consulting,Pune,"Data Analyst needed for a fast-paced fintech startup. Core stack: AWS, SQL, dbt, Python, Git. Bonus points for Tableau, Machine Learning, Communication Skills exposure.",03/01/2026,"INR 5,00,000 - 8,00,000",NaukriSim
JOB00517,Junior Data Analyst,Reyes-Bradley Technologies,Mumbai,"We are looking for a Junior Data Analyst to join our analytics team. Must have hands-on experience with Excel, Communication Skills, VBA, PowerPoint. Prior internship experience preferred.",19/03/2026,,NaukriSim
JOB00090,Analytics Associate,Moore-Bass Systems,mumbai ,"Responsibilities include building dashboards, writing queries, and reporting to leadership. Required: Statistics, Pandas, A/B Testing, Python, Machine Learning. Nice to have: PowerPoint.",May 2026,Rs 4L to 5L per annum,IndeedSim
JOB00544,Product Analyst,Donovan-Perez Consulting,Noida,"Product Analyst needed for a fast-paced fintech startup. Core stack: AWS, SQL, dbt, Python, Git. Bonus points for Machine Learning exposure.",Oct 2025,"INR 7,00,000 - 8,00,000",IndeedSim
JOB00279,Business Analyst,Pollard and Sons Analytics,noida ,"We are looking for a Business Analyst to join our analytics team. Must have hands-on experience with AWS, SQL, dbt, Python, Git. Prior internship experience preferred.",08/03/2026,,NaukriSim
JOB00278,Product Analyst,Gibson-Morris Labs,Noida,"The ideal candidate is proficient in Tableau, Data Warehousing, Snowflake, SQL and can translate business questions into data-driven answers. Experience with AWS is a plus.",2026-02-02,,IndeedSim
JOB00159,BI Analyst,Mccarthy Inc Systems,Bengaluru,"Responsibilities include building dashboards, writing queries, and reporting to leadership. Required: Excel, Communication Skills, VBA, PowerPoint. Nice to have: Looker, GCP.","05 September, 2025",,NaukriSim
JOB00289,Analytics Associate,Miller Murphy and Craig Digital,Remote,"The ideal candidate is proficient in AWS, SQL, dbt, Python, Git and can translate business questions into data-driven answers. Experience with Machine Learning is a plus.",20-Nov-2025,,NaukriSim
JOB00210,Product Analyst,Wood Tran and Cooper Consulting,Pune,"We are looking for a Product Analyst to join our analytics team. Must have hands-on experience with Stakeholder Management, Excel, Power BI, SQL. Prior internship experience preferred.",08/10/2025,Rs 4L to 7L per annum,LinkedInSim
JOB00335,Junior Data Analyst,Price LLC Digital,noida ,"Join our growing data team! Skills needed: Tableau, Data Warehousing, Snowflake, SQL. Freshers with strong Azure, Git, NumPy fundamentals encouraged to apply.","19 December, 2025",Rs 4L to 6L per annum,IndeedSim
JOB00353,Data Analyst (Fresher),Smith and Sons Digital,noida ,"The ideal candidate is proficient in Stakeholder Management, Excel, Power BI, SQL and can translate business questions into data-driven answers. Experience with Tableau, GCP is a plus.",May 2026,7-9 LPA,IndeedSim
JOB00618,Operations Analyst,Love-Garcia Solutions,"Mumbai, MH","We are looking for a Operations Analyst to join our analytics team. Must have hands-on experience with Stakeholder Management, Excel, Power BI, SQL. Prior internship experience preferred.","15 June, 2026",Rs 6L to 7L per annum,IndeedSim
JOB00566,Data Analyst,Edwards Hines and Jimenez Technologies,"hyderabad, TG","Responsibilities include building dashboards, writing queries, and reporting to leadership. Required: Stakeholder Management, Excel, Power BI, SQL. Nice to have: PostgreSQL.",2025-08-14,3-6 LPA,LinkedInSim
JOB00648,Junior Data Analyst,Mendoza Group Technologies,Remote,"The ideal candidate is proficient in Statistics, Pandas, A/B Testing, Python, Machine Learning and can translate business questions into data-driven answers. Experience with Airflow, Git is a plus.","28 October, 2025",,NaukriSim
JOB00464,Junior Data Analyst,Spencer-Garcia Systems,Gurugram,"The ideal candidate is proficient in Tableau, Data Warehousing, Snowflake, SQL and can translate business questions into data-driven answers. Experience with Azure, Excel is a plus.",2025-09-11,,NaukriSim
JOB00318,Junior Data Analyst,Burgess-Thompson Analytics,"hyderabad, TG","Junior Data Analyst needed for a fast-paced fintech startup. Core stack: ETL, PostgreSQL, Airflow, SQL, Python. Bonus points for Excel, R, VBA exposure.",09-Apr-2026,₹5L - ₹6L PA,InternshalaSim
JOB00400,Product Analyst,Duran LLC Digital,New Delhi,"Product Analyst needed for a fast-paced fintech startup. Core stack: Excel, Communication Skills, VBA, PowerPoint. Bonus points for Airflow, Machine Learning exposure.",Dec 2025,,NaukriSim
JOB00189,Data Analyst,Garcia LLC Consulting,Noida,"Responsibilities include building dashboards, writing queries, and reporting to leadership. Required: AWS, SQL, dbt, Python, Git. Nice to have: Azure, PowerPoint.",Jul 2025,5-7 LPA,InternshalaSim
JOB00539,Analytics Associate,Owens-Holmes Analytics,Noida,"The ideal candidate is proficient in Excel, Communication Skills, VBA, PowerPoint and can translate business questions into data-driven answers. Experience with Stakeholder Management, Machine Learning is a plus.",28-Mar-2026,Rs 5L to 8L per annum,IndeedSim
JOB00577,Associate Data Analyst,Becker Wilson and Hester Systems,Remote,"We are looking for a Associate Data Analyst to join our analytics team. Must have hands-on experience with Statistics, Pandas, A/B Testing, Python, Machine Learning. Prior internship experience preferred.",2025-12-13,Rs 5L to 7L per annum,InternshalaSim
JOB00599,Junior Data Analyst,Hoffman Ltd Softwares,"hyderabad, TG","Join our growing data team! Skills needed: AWS, SQL, dbt, Python, Git. Freshers with strong Communication Skills, NumPy fundamentals encouraged to apply.",31/05/2026,"INR 7,00,000 - 8,00,000",InternshalaSim
JOB00331,Data Analyst,Reid Group Consulting,Gurgaon,"Responsibilities include building dashboards, writing queries, and reporting to leadership. Required: AWS, SQL, dbt, Python, Git. Nice to have: Azure, GCP.",2025-07-27,,LinkedInSim
JOB00707,Data Analyst - Entry Level,Howard Green and Hunt Digital,pune,"Data Analyst - Entry Level needed for a fast-paced fintech startup. Core stack: ETL, PostgreSQL, Airflow, SQL, Python. Bonus points for Looker, Stakeholder Management exposure.",06-Jul-2026,,LinkedInSim
JOB00418,Analytics Associate,Thomas and Sons Consulting,Hyderabad,"Join our growing data team! Skills needed: AWS, SQL, dbt, Python, Git. Freshers with strong SQL fundamentals encouraged to apply.",19/01/2026,,NaukriSim
JOB00678,Product Analyst,Allen Inc Solutions,Bengaluru,"The ideal candidate is proficient in ETL, PostgreSQL, Airflow, SQL, Python and can translate business questions into data-driven answers. Experience with Stakeholder Management, Machine Learning is a plus.",27-Oct-2025,,NaukriSim
JOB00197,Business Analyst,Marshall-Petersen Technologies,Chennai,"We are looking for a Business Analyst to join our analytics team. Must have hands-on experience with Stakeholder Management, Excel, Power BI, SQL. Prior internship experience preferred.",Jul 2026,,LinkedInSim
JOB00287,BI Analyst,Booker Jones and Harrington Digital,Gurgaon,"Join our growing data team! Skills needed: ETL, PostgreSQL, Airflow, SQL, Python. Freshers with strong R fundamentals encouraged to apply.",25-Nov-2025,,IndeedSim
JOB00232,Data Analyst - Entry Level,Choi Garcia and Farmer Labs,remote,"Data Analyst - Entry Level needed for a fast-paced fintech startup. Core stack: AWS, SQL, dbt, Python, Git. Bonus points for Stakeholder Management exposure.",Sep 2025,,LinkedInSim
JOB00089,Data Analyst,Suarez LLC Consulting,Mumbai,"Join our growing data team! Skills needed: Stakeholder Management, Excel, Power BI, SQL. Freshers with strong Airflow, NumPy fundamentals encouraged to apply.",23/04/2026,,IndeedSim
JOB00388,Operations Analyst,Davis PLC Labs,"hyderabad, TG","The ideal candidate is proficient in AWS, SQL, dbt, Python, Git and can translate business questions into data-driven answers. Experience with Advanced Excel is a plus.",08/03/2026,,LinkedInSim
JOB00301,Marketing Data Analyst,Thomas Murray and King Labs,noida ,"Marketing Data Analyst needed for a fast-paced fintech startup. Core stack: ETL, PostgreSQL, Airflow, SQL, Python. Bonus points for Data Warehousing, Google Sheets exposure.",2026-07-11,4-7 LPA,LinkedInSim
JOB00422,Junior Data Analyst,Cole Glass and Cunningham Analytics,bangalore,"We are looking for a Junior Data Analyst to join our analytics team. Must have hands-on experience with ETL, PostgreSQL, Airflow, SQL, Python. Prior internship experience preferred.",2026-04-09,Rs 3L to 4L per annum,InternshalaSim
JOB00259,Operations Analyst,Gutierrez-Lopez Analytics,remote,"Join our growing data team! Skills needed: Stakeholder Management, Excel, Power BI, SQL. Freshers with strong Communication Skills, Data Warehousing fundamentals encouraged to apply.","13 June, 2026",6-9 LPA,LinkedInSim
JOB00420,Junior Data Analyst,Thompson Ltd Solutions,Hyderabad,"Join our growing data team! Skills needed: Statistics, Pandas, A/B Testing, Python, Machine Learning. Freshers with strong GCP fundamentals encouraged to apply.","21 July, 2026","INR 4,00,000 - 5,00,000",LinkedInSim
JOB00029,Reporting Analyst,Ross Robinson and Bright Technologies,Bangalore,"Responsibilities include building dashboards, writing queries, and reporting to leadership. Required: Statistics, Pandas, A/B Testing, Python, Machine Learning. Nice to have: Data Warehousing.",Apr 2026,₹6L - ₹9L PA,NaukriSim
JOB00665,Business Analyst,Mitchell and Sons Technologies,bangalore,"The ideal candidate is proficient in Statistics, Pandas, A/B Testing, Python, Machine Learning and can translate business questions into data-driven answers. Experience with MySQL, NumPy is a plus.",22-Dec-2025,,NaukriSim
JOB00694,Data Analyst - Entry Level,Faulkner-Grant Systems,mumbai ,"Responsibilities include building dashboards, writing queries, and reporting to leadership. Required: ETL, PostgreSQL, Airflow, SQL, Python. Nice to have: Tableau.",11/10/2025,,NaukriSim
JOB00573,Business Analyst,Luna-Gallagher Digital,Pune,"The ideal candidate is proficient in AWS, SQL, dbt, Python, Git and can translate business questions into data-driven answers. Experience with Airflow, MySQL is a plus.",18-Jun-2026,Rs 5L to 6L per annum,NaukriSim
JOB00442,Data Analyst (Fresher),Rangel LLC Analytics,Gurugram,"The ideal candidate is proficient in Excel, Communication Skills, VBA, PowerPoint and can translate business questions into data-driven answers. Experience with Tableau, GCP, PostgreSQL is a plus.",Nov 2025,₹8L - ₹9L PA,LinkedInSim
JOB00417,Junior Data Analyst,Mullen Brewer and Hernandez Consulting,Noida,"The ideal candidate is proficient in Stakeholder Management, Excel, Power BI, SQL and can translate business questions into data-driven answers. Experience with Statistics is a plus.","27 July, 2025",4-6 LPA,IndeedSim
JOB00491,Associate Data Analyst,Fuller Ingram and Moss Solutions,"Mumbai, MH","Join our growing data team! Skills needed: Tableau, Data Warehousing, Snowflake, SQL. Freshers with strong Communication Skills, Statistics fundamentals encouraged to apply.",04-May-2026,8-9 LPA,NaukriSim
JOB00534,Data Analyst - Entry Level,Mcdonald-Bird Analytics,Remote,"The ideal candidate is proficient in Stakeholder Management, Excel, Power BI, SQL and can translate business questions into data-driven answers. Experience with Airflow, Google Sheets is a plus.",19-Jan-2026,,NaukriSim
JOB00103,Data Analyst (Fresher),Mckee Gardner and Davenport Digital,"Bengaluru, Karnataka","Responsibilities include building dashboards, writing queries, and reporting to leadership. Required: Statistics, Pandas, A/B Testing, Python, Machine Learning. Nice to have: NumPy, Snowflake.",11/01/2026,₹6L - ₹7L PA,NaukriSim
JOB00226,Marketing Data Analyst,Hernandez PLC Solutions,Gurugram,"We are looking for a Marketing Data Analyst to join our analytics team. Must have hands-on experience with Stakeholder Management, Excel, Power BI, SQL. Prior internship experience preferred.",19-Apr-2026,Rs 7L to 9L per annum,LinkedInSim
JOB00730,Reporting Analyst,Li Craig and Drake Labs,pune,"Responsibilities include building dashboards, writing queries, and reporting to leadership. Required: ETL, PostgreSQL, Airflow, SQL, Python. Nice to have: Power BI.",08-Nov-2025,,LinkedInSim
JOB00196,Associate Data Analyst,Nelson Morton and Medina Consulting,New Delhi,"Join our growing data team! Skills needed: Excel, Communication Skills, VBA, PowerPoint. Freshers with strong Airflow, AWS, Data Warehousing fundamentals encouraged to apply.",26-Apr-2026,,InternshalaSim
JOB00720,Reporting Analyst,Bernard Warren and Combs Analytics,Mumbai,"Join our growing data team! Skills needed: Statistics, Pandas, A/B Testing, Python, Machine Learning. Freshers with strong Looker, Airflow, AWS fundamentals encouraged to apply.",2026-06-17,Rs 4L to 7L per annum,LinkedInSim
JOB00084,Product Analyst,Edwards Baker and Anderson Digital,Remote - India,"Product Analyst needed for a fast-paced fintech startup. Core stack: AWS, SQL, dbt, Python, Git. Bonus points for SQL exposure.",09/05/2026,"INR 5,00,000 - 7,00,000",NaukriSim
JOB00033,Data Analyst (Fresher),Ferrell Rice and Maddox Technologies,"hyderabad, TG","Join our growing data team! Skills needed: ETL, PostgreSQL, Airflow, SQL, Python. Freshers with strong Communication Skills fundamentals encouraged to apply.",23-Jan-2026,₹4L - ₹5L PA,LinkedInSim
JOB00350,Operations Analyst,Smith Garrison and Thomas Solutions,Bangalore,"We are looking for a Operations Analyst to join our analytics team. Must have hands-on experience with Excel, Communication Skills, VBA, PowerPoint. Prior internship experience preferred.",24/06/2026,7-8 LPA,IndeedSim
JOB00175,Product Analyst,Ramirez-Bean Digital,pune,"We are looking for a Product Analyst to join our analytics team. Must have hands-on experience with Tableau, Data Warehousing, Snowflake, SQL. Prior internship experience preferred.",18/04/2026,"INR 4,00,000 - 5,00,000",InternshalaSim
JOB00205,Marketing Data Analyst,Miller Ltd Consulting,Pune,"We are looking for a Marketing Data Analyst to join our analytics team. Must have hands-on experience with AWS, SQL, dbt, Python, Git. Prior internship experience preferred.",07-Nov-2025,,InternshalaSim
JOB00504,Data Analyst (Fresher),Jimenez Glass and Stone Systems,Gurugram,,"20 August, 2025",8-11 LPA,LinkedInSim
JOB00482,Data Analyst (Fresher),Carlson-Smith Solutions,noida ,"We are looking for a Data Analyst (Fresher) to join our analytics team. Must have hands-on experience with Statistics, Pandas, A/B Testing, Python, Machine Learning. Prior internship experience preferred.",Jun 2026,,InternshalaSim
JOB00356,Marketing Data Analyst,Strickland-Palmer Technologies,Remote,"We are looking for a Marketing Data Analyst to join our analytics team. Must have hands-on experience with Excel, Communication Skills, VBA, PowerPoint. Prior internship experience preferred.",2026-03-15,,InternshalaSim
JOB00108,Junior Data Analyst,Dickson-Brady Labs,Pune,"Responsibilities include building dashboards, writing queries, and reporting to leadership. Required: Excel, Communication Skills, VBA, PowerPoint. Nice to have: Tableau, NumPy.",12-Feb-2026,₹7L - ₹10L PA,NaukriSim
JOB00031,Data Analyst,Burton Ltd Consulting,"Mumbai, MH","We are looking for a Data Analyst to join our analytics team. Must have hands-on experience with AWS, SQL, dbt, Python, Git. Prior internship experience preferred.","21 January, 2026",6-9 LPA,LinkedInSim
JOB00260,Reporting Analyst,Dean-Jimenez Systems,Gurugram,"Responsibilities include building dashboards, writing queries, and reporting to leadership. Required: Excel, Communication Skills, VBA, PowerPoint. Nice to have: Airflow, NumPy.",02-Dec-2025,,LinkedInSim
JOB00336,Reporting Analyst,Avery Horton and Fernandez Softwares,Mumbai,"Reporting Analyst needed for a fast-paced fintech startup. Core stack: ETL, PostgreSQL, Airflow, SQL, Python. Bonus points for dbt exposure.","18 February, 2026",8-11 LPA,LinkedInSim
JOB00419,Associate Data Analyst,Morrison Ltd Softwares,Remote,"Associate Data Analyst needed for a fast-paced fintech startup. Core stack: Statistics, Pandas, A/B Testing, Python, Machine Learning. Bonus points for dbt, AWS, Excel exposure.","17 April, 2026","INR 8,00,000 - 10,00,000",LinkedInSim
JOB00654,BI Analyst,Leach Harris and Herrera Digital,remote,"Responsibilities include building dashboards, writing queries, and reporting to leadership. Required: Tableau, Data Warehousing, Snowflake, SQL. Nice to have: Stakeholder Management, VBA, A/B Testing.",Sep 2025,Rs 6L to 9L per annum,InternshalaSim
JOB00657,BI Analyst,Burns Nolan and Griffin Systems,Gurgaon,"The ideal candidate is proficient in Statistics, Pandas, A/B Testing, Python, Machine Learning and can translate business questions into data-driven answers. Experience with AWS is a plus.","10 May, 2026",5-7 LPA,LinkedInSim
JOB00666,Data Analyst,Cannon Ltd Labs,Delhi,"Data Analyst needed for a fast-paced fintech startup. Core stack: Tableau, Data Warehousing, Snowflake, SQL. Bonus points for Azure, AWS, Advanced Excel exposure.",2026-01-05,,IndeedSim
JOB00489,Junior Data Analyst,King-Smith Technologies,Remote - India,"Responsibilities include building dashboards, writing queries, and reporting to leadership. Required: Tableau, Data Warehousing, Snowflake, SQL. Nice to have: Stakeholder Management, Power BI.",20-Jun-2026,"INR 3,00,000 - 4,00,000",NaukriSim
JOB00042,Junior Data Analyst,George Group Digital,Delhi,"Junior Data Analyst needed for a fast-paced fintech startup. Core stack: ETL, PostgreSQL, Airflow, SQL, Python. Bonus points for Azure, Looker exposure.",2026-03-16,"INR 6,00,000 - 9,00,000",InternshalaSim
JOB00017,Reporting Analyst,James Group Softwares,"Mumbai, MH","Reporting Analyst needed for a fast-paced fintech startup. Core stack: Tableau, Data Warehousing, Snowflake, SQL. Bonus points for Airflow exposure.",Sep 2025,,InternshalaSim
JOB00170,Marketing Data Analyst,Hooper PLC Labs,Noida,"Join our growing data team! Skills needed: ETL, PostgreSQL, Airflow, SQL, Python. Freshers with strong MySQL fundamentals encouraged to apply.",Feb 2026,,LinkedInSim
JOB00701,Reporting Analyst,Turner-Stout Analytics,Mumbai,"Responsibilities include building dashboards, writing queries, and reporting to leadership. Required: Stakeholder Management, Excel, Power BI, SQL. Nice to have: Looker, Azure.","26 March, 2026",,IndeedSim
JOB00625,Analytics Associate,Butler and Sons Technologies,"Bengaluru, Karnataka","The ideal candidate is proficient in AWS, SQL, dbt, Python, Git and can translate business questions into data-driven answers. Experience with Looker, Tableau, PowerPoint is a plus.",2026-01-01,,IndeedSim
JOB00341,Data Analyst - Entry Level,Garcia-Jennings Systems,noida ,,2025-10-12,,IndeedSim
JOB00594,Analytics Associate,Smith LLC Systems,"hyderabad, TG","We are looking for a Analytics Associate to join our analytics team. Must have hands-on experience with Stakeholder Management, Excel, Power BI, SQL. Prior internship experience preferred.",11-Feb-2026,8-10 LPA,InternshalaSim
JOB00540,Data Analyst,Humphrey PLC Analytics,Gurgaon,"Data Analyst needed for a fast-paced fintech startup. Core stack: Statistics, Pandas, A/B Testing, Python, Machine Learning. Bonus points for Azure, AWS exposure.",May 2026,"INR 8,00,000 - 11,00,000",InternshalaSim
JOB00548,Analytics Associate,Moore Hopkins and Le Solutions,Remote,,08/11/2025,₹5L - ₹6L PA,IndeedSim
JOB00499,Junior Data Analyst,Kennedy Johnson and Lucas Solutions,Chennai,"Junior Data Analyst needed for a fast-paced fintech startup. Core stack: Stakeholder Management, Excel, Power BI, SQL. Bonus points for R exposure.",28-Feb-2026,₹3L - ₹6L PA,LinkedInSim
JOB00383,BI Analyst,Austin Day and Johnson Systems,Delhi,"Join our growing data team! Skills needed: Tableau, Data Warehousing, Snowflake, SQL. Freshers with strong Looker fundamentals encouraged to apply.",2025-09-30,,InternshalaSim
JOB00709,Product Analyst,Harrison Franco and Rocha Technologies,remote,,"04 October, 2025",Rs 7L to 9L per annum,LinkedInSim
JOB00435,Analytics Associate,Kim Gonzales and Mills Digital,New Delhi,"The ideal candidate is proficient in Stakeholder Management, Excel, Power BI, SQL and can translate business questions into data-driven answers. Experience with Azure, Google Sheets is a plus.",May 2026,6-8 LPA,LinkedInSim
JOB00511,Associate Data Analyst,Mendez-Graham Technologies,"hyderabad, TG","Join our growing data team! Skills needed: ETL, PostgreSQL, Airflow, SQL, Python. Freshers with strong Data Warehousing fundamentals encouraged to apply.",07/03/2026,₹6L - ₹9L PA,InternshalaSim
JOB00300,Product Analyst,Harvey-Allen Consulting,Gurgaon,"We are looking for a Product Analyst to join our analytics team. Must have hands-on experience with ETL, PostgreSQL, Airflow, SQL, Python. Prior internship experience preferred.",2026-02-26,4-7 LPA,LinkedInSim
JOB00072,Associate Data Analyst,House-Glover Analytics,Gurugram,"Join our growing data team! Skills needed: Statistics, Pandas, A/B Testing, Python, Machine Learning. Freshers with strong VBA, MySQL fundamentals encouraged to apply.",2025-10-31,Rs 7L to 9L per annum,NaukriSim
JOB00083,BI Analyst,Donovan-Harris Technologies,delhi ncr,"The ideal candidate is proficient in Statistics, Pandas, A/B Testing, Python, Machine Learning and can translate business questions into data-driven answers. Experience with Power BI, Google Sheets is a plus.",Oct 2025,4-5 LPA,NaukriSim
JOB00367,Analytics Associate,Le Lewis and Hayes Systems,"Mumbai, MH","Responsibilities include building dashboards, writing queries, and reporting to leadership. Required: ETL, PostgreSQL, Airflow, SQL, Python. Nice to have: Tableau.",2025-09-16,₹6L - ₹8L PA,InternshalaSim
JOB00634,Reporting Analyst,Higgins-Smith Digital,"hyderabad, TG","Responsibilities include building dashboards, writing queries, and reporting to leadership. Required: Stakeholder Management, Excel, Power BI, SQL. Nice to have: ETL, Data Warehousing.",Dec 2025,,IndeedSim
JOB00672,Marketing Data Analyst,Avila LLC Systems,Hyderabad,"Responsibilities include building dashboards, writing queries, and reporting to leadership. Required: Statistics, Pandas, A/B Testing, Python, Machine Learning. Nice to have: Snowflake.",28/01/2026,₹7L - ₹9L PA,LinkedInSim
JOB00537,Data Analyst (Fresher),Mendoza Jenkins and Ortiz Systems,Remote - India,"We are looking for a Data Analyst (Fresher) to join our analytics team. Must have hands-on experience with Tableau, Data Warehousing, Snowflake, SQL. Prior internship experience preferred.",07-Sep-2025,"INR 3,00,000 - 6,00,000",NaukriSim
JOB00275,Product Analyst,Monroe-Carpenter Solutions,"Bengaluru, Karnataka","Join our growing data team! Skills needed: Tableau, Data Warehousing, Snowflake, SQL. Freshers with strong Statistics, PostgreSQL fundamentals encouraged to apply.",2025-09-24,5-6 LPA,InternshalaSim
JOB00408,Data Analyst (Fresher),Roberts-Sullivan Labs,New Delhi,"Data Analyst (Fresher) needed for a fast-paced fintech startup. Core stack: Stakeholder Management, Excel, Power BI, SQL. Bonus points for Advanced Excel, Data Warehousing exposure.",11-Sep-2025,,IndeedSim
JOB00627,Marketing Data Analyst,Lopez-Curry Analytics,pune,"Join our growing data team! Skills needed: Tableau, Data Warehousing, Snowflake, SQL. Freshers with strong Python fundamentals encouraged to apply.",2026-05-23,,InternshalaSim
JOB00187,Data Analyst (Fresher),Sanders-Espinoza Softwares,Delhi,"We are looking for a Data Analyst (Fresher) to join our analytics team. Must have hands-on experience with Tableau, Data Warehousing, Snowflake, SQL. Prior internship experience preferred.","11 May, 2026","INR 4,00,000 - 7,00,000",IndeedSim
JOB00396,Junior Data Analyst,Reed Inc Solutions,bangalore,"We are looking for a Junior Data Analyst to join our analytics team. Must have hands-on experience with ETL, PostgreSQL, Airflow, SQL, Python. Prior internship experience preferred.",03-Dec-2025,,IndeedSim
JOB00333,Operations Analyst,Torres Group Consulting,"Bengaluru, Karnataka","Operations Analyst needed for a fast-paced fintech startup. Core stack: Excel, Communication Skills, VBA, PowerPoint. Bonus points for Data Warehousing exposure.",May 2026,7-10 LPA,InternshalaSim
JOB00203,Reporting Analyst,Peterson-Beard Technologies,Bengaluru,"Reporting Analyst needed for a fast-paced fintech startup. Core stack: AWS, SQL, dbt, Python, Git. Bonus points for GCP exposure.",2025-08-19,,IndeedSim
JOB00241,Analytics Associate,Jones and Sons Softwares,Bangalore,"Join our growing data team! Skills needed: Stakeholder Management, Excel, Power BI, SQL. Freshers with strong NumPy, Communication Skills, MySQL fundamentals encouraged to apply.",31/07/2025,₹4L - ₹6L PA,NaukriSim
JOB00345,Product Analyst,Harper Smith and Buchanan Consulting,Bengaluru,"The ideal candidate is proficient in AWS, SQL, dbt, Python, Git and can translate business questions into data-driven answers. Experience with Azure, Advanced Excel is a plus.",2025-10-28,Rs 4L to 6L per annum,NaukriSim
JOB00613,Business Analyst,Scott Mendoza and Harris Technologies,"hyderabad, TG","Join our growing data team! Skills needed: Statistics, Pandas, A/B Testing, Python, Machine Learning. Freshers with strong dbt fundamentals encouraged to apply.",2025-12-10,Rs 6L to 7L per annum,IndeedSim
JOB00428,Operations Analyst,Jones-Lin Consulting,Remote - India,"Operations Analyst needed for a fast-paced fintech startup. Core stack: ETL, PostgreSQL, Airflow, SQL, Python. Bonus points for Excel, GCP, A/B Testing exposure.",13-Mar-2026,₹6L - ₹8L PA,NaukriSim
JOB00505,Analytics Associate,Acosta Inc Consulting,noida ,"Analytics Associate needed for a fast-paced fintech startup. Core stack: AWS, SQL, dbt, Python, Git. Bonus points for NumPy exposure.",2026-07-16,₹3L - ₹5L PA,NaukriSim
JOB00313,Marketing Data Analyst,Robinson-Lee Labs,Delhi,"We are looking for a Marketing Data Analyst to join our analytics team. Must have hands-on experience with AWS, SQL, dbt, Python, Git. Prior internship experience preferred.","06 January, 2026",₹4L - ₹5L PA,IndeedSim
JOB00649,Analytics Associate,Zhang Brooks and Miles Systems,Chennai,,21-Sep-2025,,IndeedSim
JOB00211,Business Analyst,Pierce Bell and Chavez Systems,delhi ncr,"The ideal candidate is proficient in Statistics, Pandas, A/B Testing, Python, Machine Learning and can translate business questions into data-driven answers. Experience with Power BI, PostgreSQL is a plus.",11-Dec-2025,"INR 6,00,000 - 7,00,000",IndeedSim
JOB00079,Data Analyst,Jones Inc Consulting,"hyderabad, TG","The ideal candidate is proficient in AWS, SQL, dbt, Python, Git and can translate business questions into data-driven answers. Experience with A/B Testing, Snowflake is a plus.",2025-11-10,,IndeedSim
JOB00526,Reporting Analyst,Hayes Ltd Consulting,Remote - India,"We are looking for a Reporting Analyst to join our analytics team. Must have hands-on experience with Excel, Communication Skills, VBA, PowerPoint. Prior internship experience preferred.",19/10/2025,,NaukriSim
JOB00354,Marketing Data Analyst,Morris Thompson and Williams Consulting,Bangalore,"We are looking for a Marketing Data Analyst to join our analytics team. Must have hands-on experience with Tableau, Data Warehousing, Snowflake, SQL. Prior internship experience preferred.","01 October, 2025","INR 7,00,000 - 8,00,000",LinkedInSim
JOB00381,Data Analyst - Entry Level,Richardson Farmer and Andrews Technologies,Remote - India,"The ideal candidate is proficient in Tableau, Data Warehousing, Snowflake, SQL and can translate business questions into data-driven answers. Experience with dbt, ETL, Advanced Excel is a plus.",2025-08-10,8-9 LPA,NaukriSim
JOB00545,Reporting Analyst,Jacobson Singleton and King Labs,"hyderabad, TG","We are looking for a Reporting Analyst to join our analytics team. Must have hands-on experience with Statistics, Pandas, A/B Testing, Python, Machine Learning. Prior internship experience preferred.",07-May-2026,,LinkedInSim
JOB00252,Operations Analyst,Graham Olsen and Costa Analytics,"hyderabad, TG","Operations Analyst needed for a fast-paced fintech startup. Core stack: Excel, Communication Skills, VBA, PowerPoint. Bonus points for AWS, Statistics, SQL exposure.",27-Apr-2026,,NaukriSim
JOB00538,Junior Data Analyst,Jones Compton and Day Digital,Gurgaon,"Junior Data Analyst needed for a fast-paced fintech startup. Core stack: Excel, Communication Skills, VBA, PowerPoint. Bonus points for Tableau, Statistics, SQL exposure.",2025-07-26,"INR 4,00,000 - 5,00,000",LinkedInSim
JOB00052,Reporting Analyst,Walker LLC Analytics,remote,"Join our growing data team! Skills needed: Stakeholder Management, Excel, Power BI, SQL. Freshers with strong Machine Learning, Snowflake fundamentals encouraged to apply.",30/12/2025,,LinkedInSim
JOB00432,Data Analyst,Lopez Jacobs and Mason Digital,Bengaluru,"Join our growing data team! Skills needed: Stakeholder Management, Excel, Power BI, SQL. Freshers with strong Statistics, Git fundamentals encouraged to apply.",2025-12-20,₹4L - ₹7L PA,InternshalaSim
JOB00565,Business Analyst,Li PLC Labs,Mumbai,"We are looking for a Business Analyst to join our analytics team. Must have hands-on experience with Stakeholder Management, Excel, Power BI, SQL. Prior internship experience preferred.",2026-06-12,6-7 LPA,NaukriSim
JOB00206,Data Analyst - Entry Level,Freeman-Chang Analytics,Gurugram,"Responsibilities include building dashboards, writing queries, and reporting to leadership. Required: Tableau, Data Warehousing, Snowflake, SQL. Nice to have: ETL, VBA, A/B Testing.",06-Jul-2026,6-8 LPA,IndeedSim
JOB00096,Data Analyst - Entry Level,Harris-Walters Solutions,remote,"Data Analyst - Entry Level needed for a fast-paced fintech startup. Core stack: ETL, PostgreSQL, Airflow, SQL, Python. Bonus points for Communication Skills exposure.","06 April, 2026",,LinkedInSim
JOB00180,Junior Data Analyst,Howell and Sons Labs,remote,"Junior Data Analyst needed for a fast-paced fintech startup. Core stack: Excel, Communication Skills, VBA, PowerPoint. Bonus points for Git exposure.",2025-12-05,Rs 7L to 9L per annum,NaukriSim
JOB00003,Data Analyst - Entry Level,Mcclain Miller and Henderson Softwares,remote,"The ideal candidate is proficient in Statistics, Pandas, A/B Testing, Python, Machine Learning and can translate business questions into data-driven answers. Experience with VBA is a plus.",Jul 2025,"INR 4,00,000 - 5,00,000",NaukriSim
JOB00055,Associate Data Analyst,Jones Inc Digital,remote,"We are looking for a Associate Data Analyst to join our analytics team. Must have hands-on experience with Statistics, Pandas, A/B Testing, Python, Machine Learning. Prior internship experience preferred.",Mar 2026,,InternshalaSim
JOB00406,Data Analyst,Atkins PLC Technologies,Chennai,"Data Analyst needed for a fast-paced fintech startup. Core stack: ETL, PostgreSQL, Airflow, SQL, Python. Bonus points for AWS, Pandas exposure.",Jul 2026,₹6L - ₹8L PA,InternshalaSim
JOB00640,BI Analyst,Boyle-Smith Technologies,Remote,"BI Analyst needed for a fast-paced fintech startup. Core stack: Statistics, Pandas, A/B Testing, Python, Machine Learning. Bonus points for Stakeholder Management exposure.",2025-09-15,₹6L - ₹8L PA,NaukriSim
JOB00506,Marketing Data Analyst,Morrison-Short Softwares,Gurgaon,"We are looking for a Marketing Data Analyst to join our analytics team. Must have hands-on experience with ETL, PostgreSQL, Airflow, SQL, Python. Prior internship experience preferred.","09 July, 2026",,LinkedInSim
JOB00236,Associate Data Analyst,Harrison Johnson and Roberts Softwares,Gurugram,"We are looking for a Associate Data Analyst to join our analytics team. Must have hands-on experience with Tableau, Data Warehousing, Snowflake, SQL. Prior internship experience preferred.",29-Nov-2025,7-9 LPA,InternshalaSim
JOB00360,Reporting Analyst,Boone-Simmons Solutions,Remote,"We are looking for a Reporting Analyst to join our analytics team. Must have hands-on experience with ETL, PostgreSQL, Airflow, SQL, Python. Prior internship experience preferred.",2026-06-13,Rs 8L to 9L per annum,LinkedInSim
JOB00183,Marketing Data Analyst,Jackson-Lawson Digital,Gurgaon,"Join our growing data team! Skills needed: Excel, Communication Skills, VBA, PowerPoint. Freshers with strong Stakeholder Management, A/B Testing fundamentals encouraged to apply.","10 June, 2026",,IndeedSim
JOB00516,Data Analyst,Osborne LLC Consulting,bangalore,"Data Analyst needed for a fast-paced fintech startup. Core stack: Excel, Communication Skills, VBA, PowerPoint. Bonus points for SQL exposure.","29 November, 2025",,LinkedInSim
JOB00250,Data Analyst (Fresher),Ruiz Ltd Analytics,Hyderabad,"The ideal candidate is proficient in Tableau, Data Warehousing, Snowflake, SQL and can translate business questions into data-driven answers. Experience with Pandas is a plus.",2026-05-21,8-9 LPA,InternshalaSim
JOB00238,Junior Data Analyst,Hall Baker and Moody Softwares,Bangalore,"Join our growing data team! Skills needed: Stakeholder Management, Excel, Power BI, SQL. Freshers with strong Looker fundamentals encouraged to apply.",Jul 2026,,LinkedInSim
JOB00019,Junior Data Analyst,Adams Zuniga and Wong Labs,"Mumbai, MH","The ideal candidate is proficient in ETL, PostgreSQL, Airflow, SQL, Python and can translate business questions into data-driven answers. Experience with Looker, Power BI, Google Sheets is a plus.",Mar 2026,,NaukriSim
JOB00340,Operations Analyst,Wood Ramos and Sampson Systems,"Mumbai, MH","Join our growing data team! Skills needed: Tableau, Data Warehousing, Snowflake, SQL. Freshers with strong Statistics fundamentals encouraged to apply.","30 May, 2026",8-11 LPA,InternshalaSim
JOB00606,Operations Analyst,Bush-Vaughn Labs,pune,"We are looking for a Operations Analyst to join our analytics team. Must have hands-on experience with ETL, PostgreSQL, Airflow, SQL, Python. Prior internship experience preferred.",23-Feb-2026,,InternshalaSim
JOB00112,Analytics Associate,Shields Cochran and Adams Labs,Chennai,"Join our growing data team! Skills needed: Tableau, Data Warehousing, Snowflake, SQL. Freshers with strong PowerPoint, Statistics, PostgreSQL fundamentals encouraged to apply.",Jun 2026,,NaukriSim
JOB00202,Operations Analyst,White-Lewis Solutions,Bengaluru,"Responsibilities include building dashboards, writing queries, and reporting to leadership. Required: Excel, Communication Skills, VBA, PowerPoint. Nice to have: Data Warehousing.",2025-10-05,3-4 LPA,InternshalaSim
JOB00292,Analytics Associate,Young Ltd Consulting,New Delhi,"Analytics Associate needed for a fast-paced fintech startup. Core stack: Tableau, Data Warehousing, Snowflake, SQL. Bonus points for Stakeholder Management, Python exposure.","24 September, 2025",3-5 LPA,LinkedInSim
JOB00103,Data Analyst (Fresher),Mckee Gardner and Davenport Digital,"Bengaluru, Karnataka","Responsibilities include building dashboards, writing queries, and reporting to leadership. Required: Statistics, Pandas, A/B Testing, Python, Machine Learning. Nice to have: NumPy, Snowflake.",11/01/2026,₹6L - ₹7L PA,NaukriSim
JOB00736,Junior Data Analyst,Sutton-Abbott Consulting,Pune,"Join our growing data team! Skills needed: Excel, Communication Skills, VBA, PowerPoint. Freshers with strong AWS fundamentals encouraged to apply.","17 December, 2025",Rs 6L to 7L per annum,NaukriSim
JOB00136,Analytics Associate,Lawson Morris and Ramos Softwares,New Delhi,"We are looking for a Analytics Associate to join our analytics team. Must have hands-on experience with Stakeholder Management, Excel, Power BI, SQL. Prior internship experience preferred.",20-Aug-2025,,IndeedSim
JOB00724,Data Analyst - Entry Level,Mann Inc Labs,Gurgaon,"We are looking for a Data Analyst - Entry Level to join our analytics team. Must have hands-on experience with ETL, PostgreSQL, Airflow, SQL, Python. Prior internship experience preferred.",2025-12-18,₹5L - ₹6L PA,LinkedInSim
JOB00248,Data Analyst (Fresher),Matthews Smith and Hubbard Systems,Noida,"Join our growing data team! Skills needed: AWS, SQL, dbt, Python, Git. Freshers with strong VBA, Google Sheets fundamentals encouraged to apply.","09 June, 2026",₹4L - ₹6L PA,IndeedSim
JOB00154,Operations Analyst,Green-Wright Consulting,Pune,"We are looking for a Operations Analyst to join our analytics team. Must have hands-on experience with ETL, PostgreSQL, Airflow, SQL, Python. Prior internship experience preferred.",08/02/2026,5-7 LPA,LinkedInSim
JOB00663,Data Analyst,Brown Mcknight and Michael Consulting,pune,"Data Analyst needed for a fast-paced fintech startup. Core stack: ETL, PostgreSQL, Airflow, SQL, Python. Bonus points for Stakeholder Management exposure.",Feb 2026,,NaukriSim
JOB00704,BI Analyst,Dominguez Ltd Technologies,Remote,"Responsibilities include building dashboards, writing queries, and reporting to leadership. Required: ETL, PostgreSQL, Airflow, SQL, Python. Nice to have: Excel, Snowflake.",15-Mar-2026,8-10 LPA,LinkedInSim
JOB00277,Reporting Analyst,Cook-Hines Systems,Mumbai,"Join our growing data team! Skills needed: ETL, PostgreSQL, Airflow, SQL, Python. Freshers with strong dbt, Machine Learning fundamentals encouraged to apply.",2025-10-04,,IndeedSim
JOB00465,Associate Data Analyst,Rosales Mitchell and Hines Systems,pune,"Associate Data Analyst needed for a fast-paced fintech startup. Core stack: Tableau, Data Warehousing, Snowflake, SQL. Bonus points for Azure, R exposure.",05-Sep-2025,Rs 7L to 10L per annum,InternshalaSim
JOB00174,Data Analyst - Entry Level,Lewis-Murphy Analytics,Gurugram,"The ideal candidate is proficient in ETL, PostgreSQL, Airflow, SQL, Python and can translate business questions into data-driven answers. Experience with Looker, R, Data Warehousing is a plus.",14-Jul-2026,7-10 LPA,LinkedInSim
JOB00651,Reporting Analyst,Gill Ltd Technologies,Hyderabad,"Reporting Analyst needed for a fast-paced fintech startup. Core stack: Statistics, Pandas, A/B Testing, Python, Machine Learning. Bonus points for PowerPoint exposure.","05 October, 2025","INR 4,00,000 - 6,00,000",IndeedSim
JOB00192,Marketing Data Analyst,Wood Hunter and Peterson Technologies,Bengaluru,"The ideal candidate is proficient in ETL, PostgreSQL, Airflow, SQL, Python and can translate business questions into data-driven answers. Experience with GCP, Snowflake is a plus.",18/11/2025,₹5L - ₹7L PA,LinkedInSim
JOB00451,Junior Data Analyst,Wise Conley and Stephenson Solutions,Hyderabad,"Join our growing data team! Skills needed: Tableau, Data Warehousing, Snowflake, SQL. Freshers with strong dbt, NumPy fundamentals encouraged to apply.",Mar 2026,Rs 3L to 6L per annum,IndeedSim
JOB00508,Marketing Data Analyst,Parker-Morrison Softwares,New Delhi,"Responsibilities include building dashboards, writing queries, and reporting to leadership. Required: Excel, Communication Skills, VBA, PowerPoint. Nice to have: Git, Snowflake.",12/03/2026,Rs 5L to 6L per annum,InternshalaSim
JOB00254,Analytics Associate,Garcia Martin and Jenkins Digital,Delhi,"Responsibilities include building dashboards, writing queries, and reporting to leadership. Required: Statistics, Pandas, A/B Testing, Python, Machine Learning. Nice to have: Google Sheets.",2026-03-05,₹3L - ₹6L PA,LinkedInSim
JOB00217,Product Analyst,Perez-White Digital,Remote,"Responsibilities include building dashboards, writing queries, and reporting to leadership. Required: Tableau, Data Warehousing, Snowflake, SQL. Nice to have: GCP, Google Sheets.","27 July, 2025",3-4 LPA,IndeedSim
JOB00027,Marketing Data Analyst,Baker and Sons Analytics,Mumbai,"We are looking for a Marketing Data Analyst to join our analytics team. Must have hands-on experience with Statistics, Pandas, A/B Testing, Python, Machine Learning. Prior internship experience preferred.",11/10/2025,,LinkedInSim
JOB00181,Analytics Associate,Wells Inc Softwares,noida ,"We are looking for a Analytics Associate to join our analytics team. Must have hands-on experience with Statistics, Pandas, A/B Testing, Python, Machine Learning. Prior internship experience preferred.","01 April, 2026",,InternshalaSim
JOB00370,Junior Data Analyst,Edwards-Scott Labs,Hyderabad,"The ideal candidate is proficient in Tableau, Data Warehousing, Snowflake, SQL and can translate business questions into data-driven answers. Experience with Stakeholder Management, AWS is a plus.",Mar 2026,"INR 7,00,000 - 8,00,000",LinkedInSim
JOB00069,Operations Analyst,Russell Group Digital,New Delhi,"Operations Analyst needed for a fast-paced fintech startup. Core stack: Tableau, Data Warehousing, Snowflake, SQL. Bonus points for Looker, AWS, PostgreSQL exposure.",Jul 2026,₹7L - ₹9L PA,NaukriSim
JOB00188,Data Analyst - Entry Level,Vargas Ltd Systems,Mumbai,"Responsibilities include building dashboards, writing queries, and reporting to leadership. Required: AWS, SQL, dbt, Python, Git. Nice to have: Pandas, Advanced Excel, Google Sheets.","20 June, 2026",Rs 8L to 9L per annum,InternshalaSim
JOB00039,Associate Data Analyst,Harrell LLC Softwares,Hyderabad,"Join our growing data team! Skills needed: AWS, SQL, dbt, Python, Git. Freshers with strong Azure fundamentals encouraged to apply.",2026-04-26,,IndeedSim
JOB00732,Data Analyst,Hernandez Lee and Fox Labs,Gurugram,"Data Analyst needed for a fast-paced fintech startup. Core stack: Statistics, Pandas, A/B Testing, Python, Machine Learning. Bonus points for Excel exposure.",24/06/2026,8-11 LPA,InternshalaSim
JOB00483,Associate Data Analyst,Andrews Higgins and Carter Solutions,delhi ncr,"We are looking for a Associate Data Analyst to join our analytics team. Must have hands-on experience with Statistics, Pandas, A/B Testing, Python, Machine Learning. Prior internship experience preferred.",2025-12-26,"INR 8,00,000 - 9,00,000",InternshalaSim
JOB00269,Business Analyst,Hicks-Hill Digital,"Mumbai, MH","Business Analyst needed for a fast-paced fintech startup. Core stack: AWS, SQL, dbt, Python, Git. Bonus points for Advanced Excel, Data Warehousing, PowerPoint exposure.",Jul 2026,Rs 5L to 7L per annum,IndeedSim
JOB00689,Reporting Analyst,David-Powers Consulting,delhi ncr,"Reporting Analyst needed for a fast-paced fintech startup. Core stack: Statistics, Pandas, A/B Testing, Python, Machine Learning. Bonus points for Azure exposure.",19/08/2025,,NaukriSim
JOB00568,Junior Data Analyst,Landry PLC Technologies,Chennai,"Junior Data Analyst needed for a fast-paced fintech startup. Core stack: ETL, PostgreSQL, Airflow, SQL, Python. Bonus points for Tableau, Excel, Pandas exposure.",2026-07-19,Rs 7L to 10L per annum,IndeedSim
JOB00230,Analytics Associate,Kerr-Evans Systems,mumbai ,,2025-11-02,"INR 5,00,000 - 8,00,000",NaukriSim
JOB00311,Data Analyst - Entry Level,Beltran Lozano and Mcgee Solutions,remote,"We are looking for a Data Analyst - Entry Level to join our analytics team. Must have hands-on experience with ETL, PostgreSQL, Airflow, SQL, Python. Prior internship experience preferred.","16 May, 2026",Rs 6L to 8L per annum,InternshalaSim
JOB00022,Data Analyst - Entry Level,Watts Robinson and Nguyen Technologies,remote,"We are looking for a Data Analyst - Entry Level to join our analytics team. Must have hands-on experience with AWS, SQL, dbt, Python, Git. Prior internship experience preferred.","26 June, 2026",₹7L - ₹8L PA,NaukriSim
JOB00412,Data Analyst,Graham Group Systems,Pune,"Responsibilities include building dashboards, writing queries, and reporting to leadership. Required: Stakeholder Management, Excel, Power BI, SQL. Nice to have: AWS, Tableau.",2026-01-07,,LinkedInSim
JOB00369,Business Analyst,Perry-Davis Technologies,remote,"Responsibilities include building dashboards, writing queries, and reporting to leadership. Required: ETL, PostgreSQL, Airflow, SQL, Python. Nice to have: Tableau.","20 April, 2026",₹7L - ₹10L PA,IndeedSim
JOB00462,Business Analyst,Burch-Montoya Solutions,noida ,"Business Analyst needed for a fast-paced fintech startup. Core stack: Statistics, Pandas, A/B Testing, Python, Machine Learning. Bonus points for dbt, ETL, Snowflake exposure.",07/10/2025,"INR 8,00,000 - 11,00,000",NaukriSim
JOB00339,Business Analyst,Crosby-Ramirez Technologies,noida ,"The ideal candidate is proficient in Stakeholder Management, Excel, Power BI, SQL and can translate business questions into data-driven answers. Experience with R is a plus.",25-Feb-2026,,NaukriSim
JOB00533,Data Analyst (Fresher),Johnson-Spencer Technologies,bangalore,"Join our growing data team! Skills needed: Excel, Communication Skills, VBA, PowerPoint. Freshers with strong Azure, SQL fundamentals encouraged to apply.",Oct 2025,Rs 8L to 9L per annum,NaukriSim
JOB00446,Business Analyst,Osborn Gaines and Davis Systems,Chennai,"Business Analyst needed for a fast-paced fintech startup. Core stack: ETL, PostgreSQL, Airflow, SQL, Python. Bonus points for VBA, Power BI exposure.",02-May-2026,,NaukriSim
JOB00274,Data Analyst,Hoover-Campbell Softwares,Bangalore,"Responsibilities include building dashboards, writing queries, and reporting to leadership. Required: Statistics, Pandas, A/B Testing, Python, Machine Learning. Nice to have: Excel, Power BI, PowerPoint.",22-Apr-2026,,LinkedInSim
JOB00376,Business Analyst,Pugh Henderson and Moon Digital,Noida,"Business Analyst needed for a fast-paced fintech startup. Core stack: Tableau, Data Warehousing, Snowflake, SQL. Bonus points for Stakeholder Management, R exposure.","17 December, 2025",Rs 5L to 8L per annum,LinkedInSim
JOB00004,Junior Data Analyst,Davis and Sons Digital,"Bengaluru, Karnataka","We are looking for a Junior Data Analyst to join our analytics team. Must have hands-on experience with Statistics, Pandas, A/B Testing, Python, Machine Learning. Prior internship experience preferred.","28 November, 2025",,InternshalaSim
JOB00098,Data Analyst,Davis Group Consulting,Delhi,"Responsibilities include building dashboards, writing queries, and reporting to leadership. Required: Tableau, Data Warehousing, Snowflake, SQL. Nice to have: Python.",25/06/2026,₹7L - ₹8L PA,InternshalaSim
JOB00316,Product Analyst,Lucas Parker and Alexander Technologies,noida ,"We are looking for a Product Analyst to join our analytics team. Must have hands-on experience with Stakeholder Management, Excel, Power BI, SQL. Prior internship experience preferred.",Dec 2025,Rs 7L to 9L per annum,LinkedInSim
JOB00008,Data Analyst (Fresher),Henderson Ramirez and Lewis Systems,Bengaluru,"The ideal candidate is proficient in ETL, PostgreSQL, Airflow, SQL, Python and can translate business questions into data-driven answers. Experience with dbt, Git, NumPy is a plus.",Aug 2025,8-10 LPA,IndeedSim
JOB00208,Business Analyst,Davis and Sons Digital,Noida,"We are looking for a Business Analyst to join our analytics team. Must have hands-on experience with ETL, PostgreSQL, Airflow, SQL, Python. Prior internship experience preferred.",2026-06-05,"INR 6,00,000 - 8,00,000",NaukriSim
JOB00473,Data Analyst - Entry Level,Moody-Taylor Analytics,Hyderabad,"Join our growing data team! Skills needed: Tableau, Data Warehousing, Snowflake, SQL. Freshers with strong PowerPoint fundamentals encouraged to apply.",07/11/2025,,InternshalaSim
JOB00358,Product Analyst,Williams Logan and Camacho Consulting,Gurugram,"Responsibilities include building dashboards, writing queries, and reporting to leadership. Required: Excel, Communication Skills, VBA, PowerPoint. Nice to have: Python.",17/03/2026,"INR 8,00,000 - 10,00,000",IndeedSim
JOB00441,Data Analyst,Marks Cook and Aguilar Softwares,Noida,"Responsibilities include building dashboards, writing queries, and reporting to leadership. Required: Stakeholder Management, Excel, Power BI, SQL. Nice to have: A/B Testing.",16-Aug-2025,Rs 3L to 5L per annum,LinkedInSim
JOB00375,Operations Analyst,Hoffman Santiago and Jenkins Technologies,remote,"We are looking for a Operations Analyst to join our analytics team. Must have hands-on experience with Tableau, Data Warehousing, Snowflake, SQL. Prior internship experience preferred.",10/01/2026,"INR 5,00,000 - 7,00,000",NaukriSim
JOB00498,Operations Analyst,Robertson-Hays Systems,bangalore,"Operations Analyst needed for a fast-paced fintech startup. Core stack: AWS, SQL, dbt, Python, Git. Bonus points for Tableau, Machine Learning exposure.",25-Jun-2026,"INR 7,00,000 - 8,00,000",InternshalaSim
JOB00264,Associate Data Analyst,Lloyd Mckinney and Collins Labs,"Bengaluru, Karnataka","The ideal candidate is proficient in Excel, Communication Skills, VBA, PowerPoint and can translate business questions into data-driven answers. Experience with SQL is a plus.",2026-05-20,,LinkedInSim
JOB00559,BI Analyst,Gross-Valencia Technologies,New Delhi,"Join our growing data team! Skills needed: ETL, PostgreSQL, Airflow, SQL, Python. Freshers with strong Power BI, NumPy fundamentals encouraged to apply.",01/08/2025,"INR 3,00,000 - 5,00,000",InternshalaSim
JOB00246,Associate Data Analyst,Navarro-Munoz Digital,"Bengaluru, Karnataka","We are looking for a Associate Data Analyst to join our analytics team. Must have hands-on experience with ETL, PostgreSQL, Airflow, SQL, Python. Prior internship experience preferred.",2025-10-24,Rs 5L to 6L per annum,InternshalaSim
JOB00070,Data Analyst - Entry Level,Hancock Inc Technologies,noida ,"Join our growing data team! Skills needed: Statistics, Pandas, A/B Testing, Python, Machine Learning. Freshers with strong Tableau, VBA, SQL fundamentals encouraged to apply.",Oct 2025,Rs 4L to 7L per annum,InternshalaSim
JOB00554,Operations Analyst,Ballard Ltd Digital,Hyderabad,"Join our growing data team! Skills needed: Statistics, Pandas, A/B Testing, Python, Machine Learning. Freshers with strong PowerPoint fundamentals encouraged to apply.",21/12/2025,7-8 LPA,LinkedInSim
JOB00643,Associate Data Analyst,Green LLC Digital,Bangalore,"Associate Data Analyst needed for a fast-paced fintech startup. Core stack: ETL, PostgreSQL, Airflow, SQL, Python. Bonus points for Pandas, NumPy exposure.",2026-04-25,,InternshalaSim
JOB00218,Business Analyst,Erickson and Sons Technologies,remote,"Responsibilities include building dashboards, writing queries, and reporting to leadership. Required: AWS, SQL, dbt, Python, Git. Nice to have: VBA, Data Warehousing, A/B Testing.",2025-12-13,,IndeedSim
JOB00481,Product Analyst,Brown-Copeland Solutions,Bengaluru,"Responsibilities include building dashboards, writing queries, and reporting to leadership. Required: AWS, SQL, dbt, Python, Git. Nice to have: Looker, MySQL.",Aug 2025,"INR 4,00,000 - 5,00,000",IndeedSim
JOB00253,Product Analyst,Bailey-Cook Analytics,Delhi,"We are looking for a Product Analyst to join our analytics team. Must have hands-on experience with AWS, SQL, dbt, Python, Git. Prior internship experience preferred.",2026-03-18,6-7 LPA,NaukriSim
JOB00284,BI Analyst,Sanford Rivera and Garcia Labs,"Mumbai, MH","Responsibilities include building dashboards, writing queries, and reporting to leadership. Required: Excel, Communication Skills, VBA, PowerPoint. Nice to have: Airflow, GCP, R.",19/02/2026,,InternshalaSim
JOB00403,Reporting Analyst,Hall Hansen and Barnett Labs,Delhi,"The ideal candidate is proficient in AWS, SQL, dbt, Python, Git and can translate business questions into data-driven answers. Experience with Looker, Data Warehousing is a plus.","15 May, 2026","INR 3,00,000 - 4,00,000",IndeedSim
JOB00044,Reporting Analyst,Allen-Allen Softwares,Bengaluru,"Responsibilities include building dashboards, writing queries, and reporting to leadership. Required: AWS, SQL, dbt, Python, Git. Nice to have: R, Advanced Excel.","08 February, 2026",,LinkedInSim
JOB00030,Junior Data Analyst,Snyder Campos and Callahan Solutions,Remote,"The ideal candidate is proficient in Stakeholder Management, Excel, Power BI, SQL and can translate business questions into data-driven answers. Experience with Machine Learning, GCP is a plus.",13/12/2025,,IndeedSim
JOB00295,Operations Analyst,Brennan Wallace and Benson Labs,bangalore,"Responsibilities include building dashboards, writing queries, and reporting to leadership. Required: AWS, SQL, dbt, Python, Git. Nice to have: R.",11-Jul-2026,"INR 5,00,000 - 7,00,000",InternshalaSim
JOB00619,Business Analyst,Smith PLC Labs,Pune,"The ideal candidate is proficient in Stakeholder Management, Excel, Power BI, SQL and can translate business questions into data-driven answers. Experience with SQL is a plus.",Apr 2026,5-8 LPA,NaukriSim
JOB00557,Data Analyst,Marshall-Peterson Technologies,Mumbai,"Join our growing data team! Skills needed: Statistics, Pandas, A/B Testing, Python, Machine Learning. Freshers with strong Communication Skills, Data Warehousing fundamentals encouraged to apply.",19-May-2026,6-9 LPA,NaukriSim
JOB00621,Associate Data Analyst,Santos-Avila Digital,"hyderabad, TG","Join our growing data team! Skills needed: Statistics, Pandas, A/B Testing, Python, Machine Learning. Freshers with strong ETL, PostgreSQL, Google Sheets fundamentals encouraged to apply.","14 January, 2026",,InternshalaSim
JOB00744,Product Analyst,Alvarez Williams and Jones Systems,pune,"Product Analyst needed for a fast-paced fintech startup. Core stack: AWS, SQL, dbt, Python, Git. Bonus points for MySQL exposure.",26/01/2026,,LinkedInSim
JOB00597,Operations Analyst,Salas-Fitzgerald Labs,New Delhi,"Responsibilities include building dashboards, writing queries, and reporting to leadership. Required: Tableau, Data Warehousing, Snowflake, SQL. Nice to have: Pandas.",2025-08-05,Rs 4L to 6L per annum,NaukriSim
JOB00575,Associate Data Analyst,Lee Tran and Jones Analytics,"Bengaluru, Karnataka","The ideal candidate is proficient in Statistics, Pandas, A/B Testing, Python, Machine Learning and can translate business questions into data-driven answers. Experience with AWS, Advanced Excel is a plus.",2026-07-06,₹3L - ₹5L PA,LinkedInSim
JOB00325,Operations Analyst,Diaz Gibbs and Smith Labs,noida ,"We are looking for a Operations Analyst to join our analytics team. Must have hands-on experience with Statistics, Pandas, A/B Testing, Python, Machine Learning. Prior internship experience preferred.",12/12/2025,Rs 8L to 11L per annum,LinkedInSim
JOB00047,Data Analyst - Entry Level,Anderson Group Systems,pune,"Responsibilities include building dashboards, writing queries, and reporting to leadership. Required: Excel, Communication Skills, VBA, PowerPoint. Nice to have: A/B Testing.",Aug 2025,₹6L - ₹7L PA,InternshalaSim
JOB00161,Operations Analyst,Brown-Wall Consulting,"hyderabad, TG","Operations Analyst needed for a fast-paced fintech startup. Core stack: Tableau, Data Warehousing, Snowflake, SQL. Bonus points for ETL, Power BI exposure.",11-May-2026,Rs 5L to 6L per annum,IndeedSim
JOB00738,Junior Data Analyst,Gray-Tran Consulting,Mumbai,"The ideal candidate is proficient in AWS, SQL, dbt, Python, Git and can translate business questions into data-driven answers. Experience with Excel, Power BI is a plus.",2026-07-19,"INR 8,00,000 - 11,00,000",InternshalaSim
JOB00397,Analytics Associate,Gregory-Watkins Systems,Gurgaon,"Analytics Associate needed for a fast-paced fintech startup. Core stack: Stakeholder Management, Excel, Power BI, SQL. Bonus points for Statistics, MySQL exposure.","11 April, 2026",8-11 LPA,IndeedSim
JOB00045,Data Analyst - Entry Level,Arroyo Miller and Tucker Digital,Mumbai,"Join our growing data team! Skills needed: AWS, SQL, dbt, Python, Git. Freshers with strong PostgreSQL fundamentals encouraged to apply.",25-Dec-2025,6-7 LPA,InternshalaSim
JOB00326,Analytics Associate,Martinez Richardson and Curry Technologies,Bangalore,"Join our growing data team! Skills needed: AWS, SQL, dbt, Python, Git. Freshers with strong Azure fundamentals encouraged to apply.",10/11/2025,,InternshalaSim
JOB00525,Marketing Data Analyst,Gonzalez-Taylor Softwares,"hyderabad, TG","We are looking for a Marketing Data Analyst to join our analytics team. Must have hands-on experience with ETL, PostgreSQL, Airflow, SQL, Python. Prior internship experience preferred.",24-Jun-2026,,InternshalaSim
JOB00118,Reporting Analyst,Rasmussen LLC Softwares,Hyderabad,"Responsibilities include building dashboards, writing queries, and reporting to leadership. Required: Stakeholder Management, Excel, Power BI, SQL. Nice to have: Statistics.",2026-06-12,Rs 7L to 9L per annum,NaukriSim
JOB00535,Data Analyst,Salazar Inc Softwares,noida ,"Join our growing data team! Skills needed: Statistics, Pandas, A/B Testing, Python, Machine Learning. Freshers with strong dbt fundamentals encouraged to apply.","02 October, 2025",,InternshalaSim
JOB00529,Data Analyst - Entry Level,Daniels Vance and York Softwares,mumbai ,"The ideal candidate is proficient in Excel, Communication Skills, VBA, PowerPoint and can translate business questions into data-driven answers. Experience with Looker, Power BI is a plus.",01-Sep-2025,4-6 LPA,NaukriSim
JOB00220,Associate Data Analyst,Terry-Martinez Analytics,delhi ncr,"The ideal candidate is proficient in Excel, Communication Skills, VBA, PowerPoint and can translate business questions into data-driven answers. Experience with MySQL is a plus.",24-Jan-2026,Rs 4L to 7L per annum,IndeedSim
JOB00142,BI Analyst,Riggs PLC Consulting,Hyderabad,"Join our growing data team! Skills needed: Stakeholder Management, Excel, Power BI, SQL. Freshers with strong Azure, Statistics fundamentals encouraged to apply.",11-Feb-2026,,NaukriSim
JOB00521,Junior Data Analyst,Johnson and Sons Digital,mumbai ,"We are looking for a Junior Data Analyst to join our analytics team. Must have hands-on experience with Stakeholder Management, Excel, Power BI, SQL. Prior internship experience preferred.",2026-04-21,Rs 7L to 9L per annum,InternshalaSim
JOB00258,Data Analyst - Entry Level,Bryan Smith and Booth Labs,pune,"Responsibilities include building dashboards, writing queries, and reporting to leadership. Required: Excel, Communication Skills, VBA, PowerPoint. Nice to have: Power BI.",2026-06-04,"INR 7,00,000 - 9,00,000",InternshalaSim
JOB00240,Marketing Data Analyst,Walker Hernandez and Baker Systems,Delhi,"We are looking for a Marketing Data Analyst to join our analytics team. Must have hands-on experience with Excel, Communication Skills, VBA, PowerPoint. Prior internship experience preferred.",Apr 2026,,LinkedInSim
JOB00182,BI Analyst,Gould Marshall and Scott Analytics,Remote,"We are looking for a BI Analyst to join our analytics team. Must have hands-on experience with Stakeholder Management, Excel, Power BI, SQL. Prior internship experience preferred.",Feb 2026,,LinkedInSim
JOB00728,Operations Analyst,Arnold Smith and Moreno Solutions,New Delhi,"Join our growing data team! Skills needed: Stakeholder Management, Excel, Power BI, SQL. Freshers with strong dbt, Data Warehousing, NumPy fundamentals encouraged to apply.",08/08/2025,"INR 8,00,000 - 11,00,000",InternshalaSim
JOB00094,Data Analyst (Fresher),Newton and Sons Analytics,"hyderabad, TG","Responsibilities include building dashboards, writing queries, and reporting to leadership. Required: Tableau, Data Warehousing, Snowflake, SQL. Nice to have: R.",Apr 2026,₹4L - ₹6L PA,IndeedSim
JOB00235,Data Analyst - Entry Level,Ortiz Ltd Digital,"hyderabad, TG","Join our growing data team! Skills needed: ETL, PostgreSQL, Airflow, SQL, Python. Freshers with strong R, Data Warehousing, Google Sheets fundamentals encouraged to apply.",2025-12-02,"INR 3,00,000 - 5,00,000",IndeedSim
JOB00362,Business Analyst,Lam LLC Softwares,Chennai,"Responsibilities include building dashboards, writing queries, and reporting to leadership. Required: Tableau, Data Warehousing, Snowflake, SQL. Nice to have: A/B Testing.",2025-11-06,7-10 LPA,LinkedInSim
JOB00546,Product Analyst,Huber Hill and Weber Solutions,Remote,"The ideal candidate is proficient in Statistics, Pandas, A/B Testing, Python, Machine Learning and can translate business questions into data-driven answers. Experience with Tableau is a plus.",30/04/2026,,IndeedSim
JOB00454,Marketing Data Analyst,White Ltd Softwares,Bengaluru,"Marketing Data Analyst needed for a fast-paced fintech startup. Core stack: AWS, SQL, dbt, Python, Git. Bonus points for Tableau, VBA, MySQL exposure.","30 July, 2025",,InternshalaSim
JOB00443,Analytics Associate,Hale Myers and Larson Systems,Gurugram,"We are looking for a Analytics Associate to join our analytics team. Must have hands-on experience with Excel, Communication Skills, VBA, PowerPoint. Prior internship experience preferred.",25-Jan-2026,"INR 5,00,000 - 6,00,000",NaukriSim
JOB00567,Business Analyst,Owens Koch and Jimenez Consulting,Bangalore,"Responsibilities include building dashboards, writing queries, and reporting to leadership. Required: Stakeholder Management, Excel, Power BI, SQL. Nice to have: SQL.",28-Sep-2025,7-10 LPA,NaukriSim
JOB00488,Associate Data Analyst,Williams-Hughes Systems,Pune,,"18 February, 2026",Rs 8L to 10L per annum,IndeedSim
JOB00363,Associate Data Analyst,Hernandez Martinez and Weber Solutions,mumbai ,"Join our growing data team! Skills needed: Tableau, Data Warehousing, Snowflake, SQL. Freshers with strong Stakeholder Management, Power BI fundamentals encouraged to apply.",2026-01-19,,InternshalaSim
JOB00596,BI Analyst,Shaw-Carr Digital,"hyderabad, TG","The ideal candidate is proficient in AWS, SQL, dbt, Python, Git and can translate business questions into data-driven answers. Experience with R is a plus.",Jan 2026,₹5L - ₹6L PA,NaukriSim
JOB00493,Associate Data Analyst,Li-Thompson Digital,Remote,"The ideal candidate is proficient in Excel, Communication Skills, VBA, PowerPoint and can translate business questions into data-driven answers. Experience with Advanced Excel, Statistics is a plus.","16 December, 2025",,InternshalaSim
JOB00372,Business Analyst,Davis Inc Analytics,mumbai ,"Business Analyst needed for a fast-paced fintech startup. Core stack: Excel, Communication Skills, VBA, PowerPoint. Bonus points for ETL, Git, SQL exposure.",2025-11-06,,LinkedInSim
JOB00028,Operations Analyst,Hoffman Baker and Richards Consulting,"Mumbai, MH","Join our growing data team! Skills needed: AWS, SQL, dbt, Python, Git. Freshers with strong Stakeholder Management, Azure, R fundamentals encouraged to apply.",2026-03-15,,InternshalaSim
JOB00137,Data Analyst (Fresher),Lewis Kennedy and Santana Digital,Hyderabad,"Join our growing data team! Skills needed: Excel, Communication Skills, VBA, PowerPoint. Freshers with strong AWS, Tableau fundamentals encouraged to apply.","14 January, 2026",,NaukriSim
JOB00623,Data Analyst (Fresher),Pearson and Sons Analytics,"hyderabad, TG","Responsibilities include building dashboards, writing queries, and reporting to leadership. Required: Statistics, Pandas, A/B Testing, Python, Machine Learning. Nice to have: Power BI.","16 March, 2026",₹7L - ₹8L PA,NaukriSim
JOB00722,Business Analyst,Duran Group Analytics,noida ,"Responsibilities include building dashboards, writing queries, and reporting to leadership. Required: Stakeholder Management, Excel, Power BI, SQL. Nice to have: Looker, R.",21/04/2026,8-11 LPA,InternshalaSim
JOB00477,Analytics Associate,Scott and Sons Consulting,Hyderabad,"The ideal candidate is proficient in AWS, SQL, dbt, Python, Git and can translate business questions into data-driven answers. Experience with R is a plus.",02-May-2026,,NaukriSim
JOB00683,Data Analyst,Holder Young and Hendricks Consulting,Chennai,"Data Analyst needed for a fast-paced fintech startup. Core stack: ETL, PostgreSQL, Airflow, SQL, Python. Bonus points for VBA exposure.",Sep 2025,₹8L - ₹10L PA,NaukriSim
JOB00065,Reporting Analyst,Baxter Inc Technologies,Remote - India,"The ideal candidate is proficient in AWS, SQL, dbt, Python, Git and can translate business questions into data-driven answers. Experience with VBA is a plus.",04/09/2025,,NaukriSim
JOB00337,Data Analyst - Entry Level,Newton Moore and Perry Systems,noida ,"The ideal candidate is proficient in Statistics, Pandas, A/B Testing, Python, Machine Learning and can translate business questions into data-driven answers. Experience with dbt, Power BI, Data Warehousing is a plus.","06 November, 2025",₹5L - ₹8L PA,IndeedSim
JOB00080,Junior Data Analyst,Hensley Powell and David Softwares,"Bengaluru, Karnataka","The ideal candidate is proficient in Tableau, Data Warehousing, Snowflake, SQL and can translate business questions into data-driven answers. Experience with Python, Airflow is a plus.",24/12/2025,,IndeedSim
JOB00366,Data Analyst - Entry Level,Wilson Pena and Rich Digital,Gurgaon,"Data Analyst - Entry Level needed for a fast-paced fintech startup. Core stack: Statistics, Pandas, A/B Testing, Python, Machine Learning. Bonus points for AWS, PowerPoint exposure.","18 July, 2026",6-7 LPA,NaukriSim
JOB00668,Analytics Associate,Kane-Knox Solutions,delhi ncr,"Analytics Associate needed for a fast-paced fintech startup. Core stack: Tableau, Data Warehousing, Snowflake, SQL. Bonus points for Looker, PostgreSQL exposure.",08/04/2026,Rs 4L to 5L per annum,InternshalaSim
JOB00109,Business Analyst,Hancock and Sons Solutions,Remote - India,"Join our growing data team! Skills needed: Stakeholder Management, Excel, Power BI, SQL. Freshers with strong Looker, R, PostgreSQL fundamentals encouraged to apply.","15 November, 2025",₹5L - ₹6L PA,InternshalaSim
JOB00005,Junior Data Analyst,Guzman Hoffman and Baldwin Systems,Noida,"We are looking for a Junior Data Analyst to join our analytics team. Must have hands-on experience with Tableau, Data Warehousing, Snowflake, SQL. Prior internship experience preferred.",28/06/2026,₹3L - ₹4L PA,InternshalaSim
JOB00133,Junior Data Analyst,Bentley Byrd and Orr Technologies,Pune,"Join our growing data team! Skills needed: Excel, Communication Skills, VBA, PowerPoint. Freshers with strong Data Warehousing fundamentals encouraged to apply.",11-Jan-2026,"INR 5,00,000 - 6,00,000",LinkedInSim
JOB00711,Junior Data Analyst,Figueroa Inc Solutions,bangalore,"The ideal candidate is proficient in AWS, SQL, dbt, Python, Git and can translate business questions into data-driven answers. Experience with Tableau is a plus.",Jun 2026,,LinkedInSim
JOB00729,Junior Data Analyst,Nichols-Mitchell Consulting,Bangalore,"The ideal candidate is proficient in Tableau, Data Warehousing, Snowflake, SQL and can translate business questions into data-driven answers. Experience with Looker, Azure, A/B Testing is a plus.","06 November, 2025",₹3L - ₹4L PA,NaukriSim
JOB00245,Operations Analyst,Fernandez Kim and George Technologies,noida ,"Operations Analyst needed for a fast-paced fintech startup. Core stack: Statistics, Pandas, A/B Testing, Python, Machine Learning. Bonus points for Azure exposure.",03/11/2025,₹5L - ₹8L PA,LinkedInSim
JOB00207,Analytics Associate,Alvarez Joseph and West Digital,pune,"We are looking for a Analytics Associate to join our analytics team. Must have hands-on experience with ETL, PostgreSQL, Airflow, SQL, Python. Prior internship experience preferred.",08-Sep-2025,₹8L - ₹9L PA,IndeedSim
JOB00723,Operations Analyst,Kirby and Sons Technologies,Noida,"We are looking for a Operations Analyst to join our analytics team. Must have hands-on experience with Tableau, Data Warehousing, Snowflake, SQL. Prior internship experience preferred.",03-Jan-2026,₹7L - ₹8L PA,InternshalaSim
JOB00305,Data Analyst,Evans Hayden and Vaughn Digital,noida ,"Join our growing data team! Skills needed: Statistics, Pandas, A/B Testing, Python, Machine Learning. Freshers with strong Airflow, Power BI fundamentals encouraged to apply.",20-Feb-2026,₹6L - ₹8L PA,LinkedInSim
JOB00553,Business Analyst,May-Turner Digital,Gurgaon,"Responsibilities include building dashboards, writing queries, and reporting to leadership. Required: Excel, Communication Skills, VBA, PowerPoint. Nice to have: Python, Pandas.",23-Jan-2026,7-8 LPA,InternshalaSim
JOB00726,Junior Data Analyst,Williamson Ltd Labs,"Mumbai, MH","We are looking for a Junior Data Analyst to join our analytics team. Must have hands-on experience with Stakeholder Management, Excel, Power BI, SQL. Prior internship experience preferred.",28-Dec-2025,,LinkedInSim
JOB00510,Business Analyst,Williams-Berg Digital,"Mumbai, MH","Responsibilities include building dashboards, writing queries, and reporting to leadership. Required: Tableau, Data Warehousing, Snowflake, SQL. Nice to have: Looker, dbt, MySQL.",2026-05-30,,IndeedSim
JOB00348,Analytics Associate,Willis and Sons Consulting,Chennai,"Responsibilities include building dashboards, writing queries, and reporting to leadership. Required: Tableau, Data Warehousing, Snowflake, SQL. Nice to have: AWS.",22/08/2025,3-4 LPA,NaukriSim
JOB00380,Product Analyst,Boone LLC Technologies,Pune,"Product Analyst needed for a fast-paced fintech startup. Core stack: Excel, Communication Skills, VBA, PowerPoint. Bonus points for Azure, Pandas, Data Warehousing exposure.",22/06/2026,6-7 LPA,IndeedSim
JOB00413,Data Analyst (Fresher),Miller Harrell and Reese Softwares,Delhi,"Join our growing data team! Skills needed: AWS, SQL, dbt, Python, Git. Freshers with strong Excel fundamentals encouraged to apply.","03 June, 2026",Rs 4L to 6L per annum,IndeedSim
JOB00630,Data Analyst (Fresher),Hays-Daniels Labs,Bengaluru,"Join our growing data team! Skills needed: Statistics, Pandas, A/B Testing, Python, Machine Learning. Freshers with strong AWS, Power BI fundamentals encouraged to apply.",2026-07-10,,LinkedInSim
JOB00093,Reporting Analyst,Garcia Humphrey and Baker Softwares,"Bengaluru, Karnataka",,May 2026,Rs 8L to 11L per annum,LinkedInSim
JOB00679,Operations Analyst,Wheeler Group Systems,noida ,"We are looking for a Operations Analyst to join our analytics team. Must have hands-on experience with Tableau, Data Warehousing, Snowflake, SQL. Prior internship experience preferred.",Feb 2026,₹6L - ₹8L PA,InternshalaSim
JOB00629,Junior Data Analyst,Morrison Hebert and Rogers Solutions,Mumbai,"We are looking for a Junior Data Analyst to join our analytics team. Must have hands-on experience with Stakeholder Management, Excel, Power BI, SQL. Prior internship experience preferred.",30/07/2025,4-6 LPA,LinkedInSim
JOB00163,Operations Analyst,Smith Gilmore and Johnston Technologies,Remote - India,"Operations Analyst needed for a fast-paced fintech startup. Core stack: Excel, Communication Skills, VBA, PowerPoint. Bonus points for Data Warehousing exposure.",29/09/2025,7-9 LPA,InternshalaSim
JOB00088,Marketing Data Analyst,Anderson-Bailey Labs,Remote - India,"The ideal candidate is proficient in Statistics, Pandas, A/B Testing, Python, Machine Learning and can translate business questions into data-driven answers. Experience with Airflow, VBA, Snowflake is a plus.",2025-09-03,"INR 8,00,000 - 9,00,000",InternshalaSim
JOB00025,Data Analyst,Walter Edwards and Rios Softwares,Remote - India,"Data Analyst needed for a fast-paced fintech startup. Core stack: Tableau, Data Warehousing, Snowflake, SQL. Bonus points for PostgreSQL exposure.","03 April, 2026",,IndeedSim
JOB00480,Junior Data Analyst,Barnes PLC Digital,Pune,"Join our growing data team! Skills needed: ETL, PostgreSQL, Airflow, SQL, Python. Freshers with strong Machine Learning, Git fundamentals encouraged to apply.",09-Sep-2025,₹4L - ₹7L PA,InternshalaSim
JOB00671,Reporting Analyst,Long Anderson and Irwin Analytics,Pune,"The ideal candidate is proficient in AWS, SQL, dbt, Python, Git and can translate business questions into data-driven answers. Experience with Communication Skills is a plus.",10-Oct-2025,"INR 4,00,000 - 7,00,000",IndeedSim
JOB00502,Data Analyst,Paul-Kline Systems,"Bengaluru, Karnataka","Join our growing data team! Skills needed: Stakeholder Management, Excel, Power BI, SQL. Freshers with strong Looker fundamentals encouraged to apply.",20-Nov-2025,Rs 7L to 8L per annum,InternshalaSim
JOB00283,Analytics Associate,Pollard Simpson and Johnson Analytics,Gurugram,"We are looking for a Analytics Associate to join our analytics team. Must have hands-on experience with Tableau, Data Warehousing, Snowflake, SQL. Prior internship experience preferred.",13/12/2025,₹6L - ₹7L PA,NaukriSim
JOB00145,Operations Analyst,Hernandez Ltd Analytics,Remote,"The ideal candidate is proficient in Tableau, Data Warehousing, Snowflake, SQL and can translate business questions into data-driven answers. Experience with Pandas, Git is a plus.",22/07/2025,₹7L - ₹8L PA,LinkedInSim
JOB00444,Marketing Data Analyst,Collins Group Systems,Pune,"Responsibilities include building dashboards, writing queries, and reporting to leadership. Required: Stakeholder Management, Excel, Power BI, SQL. Nice to have: R, Advanced Excel.",01/01/2026,,InternshalaSim
JOB00293,Product Analyst,Bright-Francis Analytics,"Bengaluru, Karnataka","Responsibilities include building dashboards, writing queries, and reporting to leadership. Required: Tableau, Data Warehousing, Snowflake, SQL. Nice to have: PowerPoint.",20-Oct-2025,Rs 5L to 7L per annum,InternshalaSim
JOB00359,Business Analyst,Turner Schneider and Johnson Consulting,"hyderabad, TG","Responsibilities include building dashboards, writing queries, and reporting to leadership. Required: Excel, Communication Skills, VBA, PowerPoint. Nice to have: Statistics.","14 November, 2025",,NaukriSim
JOB00179,Analytics Associate,Williams Johnson and Wright Consulting,Bengaluru,"Analytics Associate needed for a fast-paced fintech startup. Core stack: Tableau, Data Warehousing, Snowflake, SQL. Bonus points for SQL exposure.",05/11/2025,"INR 4,00,000 - 5,00,000",InternshalaSim
JOB00271,Data Analyst,Thomas Lee and Greene Softwares,Chennai,"The ideal candidate is proficient in Statistics, Pandas, A/B Testing, Python, Machine Learning and can translate business questions into data-driven answers. Experience with Tableau, Advanced Excel, MySQL is a plus.",19/08/2025,,NaukriSim
JOB00049,Data Analyst - Entry Level,Hickman Ltd Softwares,Gurugram,"Join our growing data team! Skills needed: Statistics, Pandas, A/B Testing, Python, Machine Learning. Freshers with strong R, VBA fundamentals encouraged to apply.",2026-03-14,₹8L - ₹11L PA,IndeedSim
JOB00638,Analytics Associate,Morales Inc Technologies,Bangalore,"The ideal candidate is proficient in Statistics, Pandas, A/B Testing, Python, Machine Learning and can translate business questions into data-driven answers. Experience with Snowflake is a plus.","23 April, 2026",,NaukriSim
JOB00639,BI Analyst,Holden Group Digital,"Bengaluru, Karnataka","BI Analyst needed for a fast-paced fintech startup. Core stack: Tableau, Data Warehousing, Snowflake, SQL. Bonus points for MySQL exposure.",Mar 2026,,IndeedSim
JOB00421,BI Analyst,Marshall-Elliott Analytics,noida ,"Join our growing data team! Skills needed: Tableau, Data Warehousing, Snowflake, SQL. Freshers with strong Azure, Excel fundamentals encouraged to apply.",12/10/2025,"INR 5,00,000 - 7,00,000",NaukriSim
JOB00302,Data Analyst - Entry Level,Estrada-Nolan Systems,Remote - India,"Join our growing data team! Skills needed: Statistics, Pandas, A/B Testing, Python, Machine Learning. Freshers with strong dbt, R, Data Warehousing fundamentals encouraged to apply.",10-Jan-2026,"INR 4,00,000 - 6,00,000",InternshalaSim
JOB00702,Data Analyst (Fresher),Giles Ltd Softwares,Hyderabad,"Join our growing data team! Skills needed: Excel, Communication Skills, VBA, PowerPoint. Freshers with strong Statistics fundamentals encouraged to apply.",09-Feb-2026,4-6 LPA,IndeedSim
JOB00449,Marketing Data Analyst,Lee-Cooke Technologies,Gurgaon,"Marketing Data Analyst needed for a fast-paced fintech startup. Core stack: Stakeholder Management, Excel, Power BI, SQL. Bonus points for AWS, VBA exposure.",Sep 2025,Rs 5L to 6L per annum,InternshalaSim
JOB00564,Product Analyst,Wright-Grimes Consulting,mumbai ,"We are looking for a Product Analyst to join our analytics team. Must have hands-on experience with AWS, SQL, dbt, Python, Git. Prior internship experience preferred.",30/03/2026,4-7 LPA,IndeedSim
JOB00270,Product Analyst,Baird-Sanchez Consulting,Pune,"Responsibilities include building dashboards, writing queries, and reporting to leadership. Required: Statistics, Pandas, A/B Testing, Python, Machine Learning. Nice to have: SQL.",19/09/2025,,IndeedSim
JOB00571,BI Analyst,Khan Pena and Ruiz Softwares,"Bengaluru, Karnataka","Responsibilities include building dashboards, writing queries, and reporting to leadership. Required: Excel, Communication Skills, VBA, PowerPoint. Nice to have: Looker, ETL.",Aug 2025,,InternshalaSim
JOB00589,Product Analyst,Soto Carlson and Baker Technologies,Chennai,"The ideal candidate is proficient in ETL, PostgreSQL, Airflow, SQL, Python and can translate business questions into data-driven answers. Experience with Looker, Power BI is a plus.",05-May-2026,₹6L - ₹8L PA,LinkedInSim
JOB00474,Operations Analyst,Lowery-Kennedy Systems,Gurugram,"Operations Analyst needed for a fast-paced fintech startup. Core stack: ETL, PostgreSQL, Airflow, SQL, Python. Bonus points for Communication Skills exposure.",09/08/2025,,NaukriSim
JOB00684,Data Analyst,Flores Harper and Chambers Technologies,Pune,"We are looking for a Data Analyst to join our analytics team. Must have hands-on experience with Statistics, Pandas, A/B Testing, Python, Machine Learning. Prior internship experience preferred.",2025-12-07,₹8L - ₹10L PA,NaukriSim
JOB00646,Marketing Data Analyst,Carrillo Vaughn and Fowler Systems,pune,"Responsibilities include building dashboards, writing queries, and reporting to leadership. Required: Excel, Communication Skills, VBA, PowerPoint. Nice to have: dbt, GCP, Stakeholder Management.",11-Feb-2026,,IndeedSim
JOB00479,Product Analyst,Young-Martinez Consulting,Remote,"We are looking for a Product Analyst to join our analytics team. Must have hands-on experience with Excel, Communication Skills, VBA, PowerPoint. Prior internship experience preferred.",2025-11-22,,NaukriSim
JOB00114,Junior Data Analyst,Gonzalez Group Digital,"Bengaluru, Karnataka","Junior Data Analyst needed for a fast-paced fintech startup. Core stack: ETL, PostgreSQL, Airflow, SQL, Python. Bonus points for Machine Learning, A/B Testing exposure.",Jun 2026,8-10 LPA,IndeedSim
JOB00194,Reporting Analyst,Reid-Poole Systems,Gurgaon,"Join our growing data team! Skills needed: Tableau, Data Warehousing, Snowflake, SQL. Freshers with strong Looker, MySQL fundamentals encouraged to apply.",08/02/2026,6-7 LPA,LinkedInSim
JOB00051,Associate Data Analyst,Brooks Lam and Hayes Analytics,remote,"Responsibilities include building dashboards, writing queries, and reporting to leadership. Required: ETL, PostgreSQL, Airflow, SQL, Python. Nice to have: dbt, R.","27 April, 2026",₹8L - ₹11L PA,LinkedInSim
JOB00580,Reporting Analyst,Morales Williams and Williams Softwares,remote,"Responsibilities include building dashboards, writing queries, and reporting to leadership. Required: Excel, Communication Skills, VBA, PowerPoint. Nice to have: Statistics, Snowflake.",2026-02-07,,NaukriSim
JOB00667,Associate Data Analyst,Stuart Brooks and Vance Digital,Bengaluru,"The ideal candidate is proficient in Excel, Communication Skills, VBA, PowerPoint and can translate business questions into data-driven answers. Experience with Google Sheets is a plus.",12-Jul-2026,₹7L - ₹10L PA,LinkedInSim
JOB00116,Business Analyst,Walker Ltd Systems,"Mumbai, MH","We are looking for a Business Analyst to join our analytics team. Must have hands-on experience with ETL, PostgreSQL, Airflow, SQL, Python. Prior internship experience preferred.",Apr 2026,Rs 7L to 10L per annum,IndeedSim
JOB00409,Data Analyst (Fresher),Jackson-Meza Labs,Bengaluru,"We are looking for a Data Analyst (Fresher) to join our analytics team. Must have hands-on experience with ETL, PostgreSQL, Airflow, SQL, Python. Prior internship experience preferred.",Aug 2025,Rs 5L to 8L per annum,LinkedInSim
JOB00604,Data Analyst,Lee-Wright Digital,Remote - India,"Responsibilities include building dashboards, writing queries, and reporting to leadership. Required: Excel, Communication Skills, VBA, PowerPoint. Nice to have: R, Power BI, PostgreSQL.","25 April, 2026",,InternshalaSim
JOB00075,Junior Data Analyst,Novak PLC Labs,"Bengaluru, Karnataka","The ideal candidate is proficient in Excel, Communication Skills, VBA, PowerPoint and can translate business questions into data-driven answers. Experience with Data Warehousing is a plus.",08-Nov-2025,Rs 5L to 7L per annum,InternshalaSim
JOB00140,Product Analyst,Chambers and Sons Digital,New Delhi,,"16 January, 2026",₹8L - ₹9L PA,LinkedInSim
JOB00399,Marketing Data Analyst,Brown Harris and Dougherty Consulting,pune,"We are looking for a Marketing Data Analyst to join our analytics team. Must have hands-on experience with AWS, SQL, dbt, Python, Git. Prior internship experience preferred.",11/06/2026,"INR 5,00,000 - 7,00,000",IndeedSim
JOB00171,Data Analyst,Meadows PLC Solutions,pune,"The ideal candidate is proficient in AWS, SQL, dbt, Python, Git and can translate business questions into data-driven answers. Experience with Data Warehousing is a plus.",24-Feb-2026,,NaukriSim
JOB00466,Associate Data Analyst,Cole-Palmer Solutions,Remote - India,"We are looking for a Associate Data Analyst to join our analytics team. Must have hands-on experience with ETL, PostgreSQL, Airflow, SQL, Python. Prior internship experience preferred.",Jul 2026,3-6 LPA,InternshalaSim
JOB00582,Marketing Data Analyst,Barry Taylor and Velazquez Labs,Delhi,"We are looking for a Marketing Data Analyst to join our analytics team. Must have hands-on experience with ETL, PostgreSQL, Airflow, SQL, Python. Prior internship experience preferred.",2026-02-15,"INR 3,00,000 - 6,00,000",NaukriSim
JOB00544,Product Analyst,Donovan-Perez Consulting,Noida,"Product Analyst needed for a fast-paced fintech startup. Core stack: AWS, SQL, dbt, Python, Git. Bonus points for Machine Learning exposure.",Oct 2025,"INR 7,00,000 - 8,00,000",LinkedInSim
JOB00717,Data Analyst (Fresher),Murray-Oconnor Technologies,Delhi,"Data Analyst (Fresher) needed for a fast-paced fintech startup. Core stack: ETL, PostgreSQL, Airflow, SQL, Python. Bonus points for Data Warehousing, Git exposure.",2026-02-22,Rs 8L to 9L per annum,InternshalaSim
JOB00169,Data Analyst - Entry Level,Yates Ramsey and Pittman Labs,Remote,"We are looking for a Data Analyst - Entry Level to join our analytics team. Must have hands-on experience with Statistics, Pandas, A/B Testing, Python, Machine Learning. Prior internship experience preferred.","09 September, 2025",,NaukriSim
JOB00034,Data Analyst (Fresher),Frazier Inc Consulting,New Delhi,"Data Analyst (Fresher) needed for a fast-paced fintech startup. Core stack: Stakeholder Management, Excel, Power BI, SQL. Bonus points for Statistics, Data Warehousing exposure.","29 December, 2025","INR 3,00,000 - 4,00,000",LinkedInSim
JOB00520,BI Analyst,Richardson Edwards and Ramirez Analytics,"Bengaluru, Karnataka","Join our growing data team! Skills needed: Statistics, Pandas, A/B Testing, Python, Machine Learning. Freshers with strong VBA fundamentals encouraged to apply.",26-Apr-2026,₹6L - ₹7L PA,LinkedInSim
JOB00609,Data Analyst,Huang-Foster Systems,Chennai,"Responsibilities include building dashboards, writing queries, and reporting to leadership. Required: Tableau, Data Warehousing, Snowflake, SQL. Nice to have: Pandas, A/B Testing.","15 May, 2026",,LinkedInSim
JOB00351,Data Analyst (Fresher),Fernandez and Sons Digital,Hyderabad,"We are looking for a Data Analyst (Fresher) to join our analytics team. Must have hands-on experience with AWS, SQL, dbt, Python, Git. Prior internship experience preferred.",2026-01-03,₹8L - ₹11L PA,NaukriSim
JOB00057,Analytics Associate,Washington Ryan and Cummings Technologies,Chennai,"Join our growing data team! Skills needed: ETL, PostgreSQL, Airflow, SQL, Python. Freshers with strong Advanced Excel fundamentals encouraged to apply.","13 November, 2025",Rs 8L to 10L per annum,InternshalaSim
JOB00273,Product Analyst,Morgan-French Labs,"hyderabad, TG","We are looking for a Product Analyst to join our analytics team. Must have hands-on experience with Tableau, Data Warehousing, Snowflake, SQL. Prior internship experience preferred.",2026-06-05,,LinkedInSim
JOB00626,BI Analyst,Osborn Group Softwares,noida ,"The ideal candidate is proficient in Excel, Communication Skills, VBA, PowerPoint and can translate business questions into data-driven answers. Experience with R, NumPy is a plus.",04/04/2026,,NaukriSim
JOB00139,Reporting Analyst,Harvey Davis and Crane Softwares,Remote - India,"Join our growing data team! Skills needed: AWS, SQL, dbt, Python, Git. Freshers with strong Tableau fundamentals encouraged to apply.",Jan 2026,,IndeedSim
JOB00040,Junior Data Analyst,Romero Gonzalez and Brooks Labs,noida ,"The ideal candidate is proficient in Statistics, Pandas, A/B Testing, Python, Machine Learning and can translate business questions into data-driven answers. Experience with PowerPoint is a plus.",2026-05-07,,InternshalaSim
JOB00713,Operations Analyst,Butler Hernandez and Rivera Analytics,Pune,"The ideal candidate is proficient in ETL, PostgreSQL, Airflow, SQL, Python and can translate business questions into data-driven answers. Experience with Stakeholder Management is a plus.",Feb 2026,8-10 LPA,IndeedSim
JOB00632,Data Analyst,Mcdonald Lee and Rodriguez Consulting,Bangalore,"Join our growing data team! Skills needed: Stakeholder Management, Excel, Power BI, SQL. Freshers with strong dbt, Google Sheets fundamentals encouraged to apply.","10 November, 2025",₹7L - ₹9L PA,InternshalaSim
JOB00494,Operations Analyst,Marshall Dominguez and Welch Labs,Chennai,"Responsibilities include building dashboards, writing queries, and reporting to leadership. Required: Statistics, Pandas, A/B Testing, Python, Machine Learning. Nice to have: GCP.",2026-07-04,₹8L - ₹10L PA,InternshalaSim
JOB00014,Junior Data Analyst,Mcclure Ward and Lee Solutions,Mumbai,"Responsibilities include building dashboards, writing queries, and reporting to leadership. Required: AWS, SQL, dbt, Python, Git. Nice to have: Tableau, GCP.","24 October, 2025",4-7 LPA,IndeedSim
JOB00748,Marketing Data Analyst,Goodwin Ltd Analytics,Noida,"We are looking for a Marketing Data Analyst to join our analytics team. Must have hands-on experience with ETL, PostgreSQL, Airflow, SQL, Python. Prior internship experience preferred.",2026-01-09,,IndeedSim
JOB00223,Business Analyst,Sheppard LLC Digital,Pune,"Join our growing data team! Skills needed: Stakeholder Management, Excel, Power BI, SQL. Freshers with strong ETL, Git fundamentals encouraged to apply.",Sep 2025,8-9 LPA,IndeedSim
JOB00593,BI Analyst,Allen Armstrong and Graves Systems,Bengaluru,"We are looking for a BI Analyst to join our analytics team. Must have hands-on experience with Excel, Communication Skills, VBA, PowerPoint. Prior internship experience preferred.",30/12/2025,,NaukriSim
JOB00509,BI Analyst,Jackson-Wallace Technologies,New Delhi,"We are looking for a BI Analyst to join our analytics team. Must have hands-on experience with Statistics, Pandas, A/B Testing, Python, Machine Learning. Prior internship experience preferred.",12/11/2025,Rs 4L to 7L per annum,NaukriSim
JOB00731,Data Analyst - Entry Level,Rodriguez Inc Technologies,Delhi,"Responsibilities include building dashboards, writing queries, and reporting to leadership. Required: AWS, SQL, dbt, Python, Git. Nice to have: Looker, Airflow.",14-May-2026,Rs 3L to 6L per annum,IndeedSim
JOB00158,Data Analyst (Fresher),Miller Hernandez and Reyes Solutions,New Delhi,"Responsibilities include building dashboards, writing queries, and reporting to leadership. Required: AWS, SQL, dbt, Python, Git. Nice to have: VBA, A/B Testing.",Jun 2026,,LinkedInSim
JOB00430,Analytics Associate,Ford-Spencer Solutions,"Bengaluru, Karnataka","The ideal candidate is proficient in Stakeholder Management, Excel, Power BI, SQL and can translate business questions into data-driven answers. Experience with Statistics is a plus.",08-Mar-2026,"INR 4,00,000 - 5,00,000",IndeedSim
JOB00527,Associate Data Analyst,Osborn-Cochran Analytics,Bengaluru,"Join our growing data team! Skills needed: ETL, PostgreSQL, Airflow, SQL, Python. Freshers with strong Looker, Machine Learning, NumPy fundamentals encouraged to apply.",11-Apr-2026,,NaukriSim
JOB00382,Reporting Analyst,Bruce-Villegas Digital,Gurgaon,"The ideal candidate is proficient in AWS, SQL, dbt, Python, Git and can translate business questions into data-driven answers. Experience with Machine Learning, A/B Testing is a plus.",2025-10-29,"INR 3,00,000 - 4,00,000",IndeedSim
JOB00198,Junior Data Analyst,Adams Christian and Rivas Solutions,Bangalore,"Junior Data Analyst needed for a fast-paced fintech startup. Core stack: ETL, PostgreSQL, Airflow, SQL, Python. Bonus points for Looker, Statistics exposure.","29 August, 2025",₹8L - ₹10L PA,NaukriSim
JOB00276,Marketing Data Analyst,Burns Hernandez and Ryan Softwares,Noida,"Marketing Data Analyst needed for a fast-paced fintech startup. Core stack: Statistics, Pandas, A/B Testing, Python, Machine Learning. Bonus points for dbt exposure.","31 July, 2025",4-7 LPA,InternshalaSim
JOB00073,Data Analyst - Entry Level,Henderson-Bernard Consulting,Remote - India,"The ideal candidate is proficient in Excel, Communication Skills, VBA, PowerPoint and can translate business questions into data-driven answers. Experience with Looker, SQL is a plus.","07 March, 2026",,IndeedSim
JOB00209,Business Analyst,Holt-Torres Analytics,mumbai ,"Join our growing data team! Skills needed: Excel, Communication Skills, VBA, PowerPoint. Freshers with strong Azure, GCP fundamentals encouraged to apply.",2026-05-30,,NaukriSim
JOB00147,Junior Data Analyst,Robinson-Brock Systems,Pune,"Join our growing data team! Skills needed: AWS, SQL, dbt, Python, Git. Freshers with strong Azure, Google Sheets fundamentals encouraged to apply.",2025-09-30,,IndeedSim
JOB00436,Data Analyst - Entry Level,Cox LLC Analytics,New Delhi,"We are looking for a Data Analyst - Entry Level to join our analytics team. Must have hands-on experience with Excel, Communication Skills, VBA, PowerPoint. Prior internship experience preferred.",May 2026,"INR 5,00,000 - 6,00,000",IndeedSim
JOB00261,Business Analyst,Wolf-Harris Analytics,Mumbai,"Join our growing data team! Skills needed: Stakeholder Management, Excel, Power BI, SQL. Freshers with strong Looker fundamentals encouraged to apply.",Feb 2026,,IndeedSim
JOB00086,Operations Analyst,Smith PLC Systems,Hyderabad,"Join our growing data team! Skills needed: Statistics, Pandas, A/B Testing, Python, Machine Learning. Freshers with strong SQL fundamentals encouraged to apply.",28/05/2026,"INR 5,00,000 - 8,00,000",IndeedSim
JOB00468,Analytics Associate,Wilkerson-Arias Consulting,Bangalore,"Analytics Associate needed for a fast-paced fintech startup. Core stack: Stakeholder Management, Excel, Power BI, SQL. Bonus points for Airflow, A/B Testing, NumPy exposure.",2025-09-09,"INR 4,00,000 - 6,00,000",InternshalaSim
JOB00410,BI Analyst,Collier-Gillespie Technologies,Mumbai,"Responsibilities include building dashboards, writing queries, and reporting to leadership. Required: Stakeholder Management, Excel, Power BI, SQL. Nice to have: Python, Tableau, MySQL.",06/03/2026,8-9 LPA,NaukriSim
JOB00669,Data Analyst,Miller-Brandt Technologies,Hyderabad,"We are looking for a Data Analyst to join our analytics team. Must have hands-on experience with Tableau, Data Warehousing, Snowflake, SQL. Prior internship experience preferred.",Jun 2026,,IndeedSim
JOB00690,Data Analyst (Fresher),Flores Butler and Hernandez Consulting,"Mumbai, MH","Responsibilities include building dashboards, writing queries, and reporting to leadership. Required: ETL, PostgreSQL, Airflow, SQL, Python. Nice to have: Excel, PowerPoint.",Apr 2026,"INR 6,00,000 - 9,00,000",InternshalaSim
JOB00267,Data Analyst,Valentine-Holland Digital,noida ,"The ideal candidate is proficient in Excel, Communication Skills, VBA, PowerPoint and can translate business questions into data-driven answers. Experience with Statistics is a plus.",17-Apr-2026,,LinkedInSim
JOB00262,Data Analyst - Entry Level,Anderson Roberts and Gilmore Softwares,delhi ncr,"We are looking for a Data Analyst - Entry Level to join our analytics team. Must have hands-on experience with Excel, Communication Skills, VBA, PowerPoint. Prior internship experience preferred.",02-May-2026,₹8L - ₹11L PA,LinkedInSim
JOB00077,BI Analyst,Woods Calhoun and Schmidt Systems,Bangalore,"BI Analyst needed for a fast-paced fintech startup. Core stack: Statistics, Pandas, A/B Testing, Python, Machine Learning. Bonus points for Communication Skills exposure.",Aug 2025,Rs 6L to 9L per annum,IndeedSim
JOB00688,Business Analyst,Shelton Peters and Williams Technologies,bangalore,"Business Analyst needed for a fast-paced fintech startup. Core stack: ETL, PostgreSQL, Airflow, SQL, Python. Bonus points for Machine Learning, Google Sheets exposure.",22-Aug-2025,7-8 LPA,InternshalaSim
JOB00574,Data Analyst - Entry Level,Williams-Williams Digital,"hyderabad, TG","Join our growing data team! Skills needed: Statistics, Pandas, A/B Testing, Python, Machine Learning. Freshers with strong R, VBA fundamentals encouraged to apply.",Jan 2026,"INR 6,00,000 - 8,00,000",LinkedInSim
JOB00285,Product Analyst,Garcia-Lozano Softwares,Mumbai,"We are looking for a Product Analyst to join our analytics team. Must have hands-on experience with Stakeholder Management, Excel, Power BI, SQL. Prior internship experience preferred.","21 February, 2026",3-4 LPA,LinkedInSim
JOB00368,Marketing Data Analyst,Gutierrez Group Softwares,"hyderabad, TG","Join our growing data team! Skills needed: ETL, PostgreSQL, Airflow, SQL, Python. Freshers with strong Tableau, Communication Skills, Data Warehousing fundamentals encouraged to apply.",10/07/2026,,LinkedInSim
JOB00222,Marketing Data Analyst,Harrison-Alexander Analytics,noida ,"Marketing Data Analyst needed for a fast-paced fintech startup. Core stack: ETL, PostgreSQL, Airflow, SQL, Python. Bonus points for Azure, Tableau, Advanced Excel exposure.",01-May-2026,Rs 6L to 7L per annum,LinkedInSim
JOB00138,Operations Analyst,Jackson Miller and Robertson Digital,Bengaluru,"Responsibilities include building dashboards, writing queries, and reporting to leadership. Required: Excel, Communication Skills, VBA, PowerPoint. Nice to have: Tableau, GCP.",2026-02-07,,IndeedSim
JOB00708,Reporting Analyst,Owens-Lang Technologies,"hyderabad, TG","Join our growing data team! Skills needed: AWS, SQL, dbt, Python, Git. Freshers with strong Advanced Excel, NumPy fundamentals encouraged to apply.",Dec 2025,"INR 8,00,000 - 11,00,000",IndeedSim
JOB00695,Business Analyst,Price LLC Systems,"Bengaluru, Karnataka","We are looking for a Business Analyst to join our analytics team. Must have hands-on experience with Stakeholder Management, Excel, Power BI, SQL. Prior internship experience preferred.",29/01/2026,"INR 4,00,000 - 6,00,000",LinkedInSim
JOB00146,Business Analyst,Stafford Inc Labs,"hyderabad, TG","Responsibilities include building dashboards, writing queries, and reporting to leadership. Required: Stakeholder Management, Excel, Power BI, SQL. Nice to have: GCP, Machine Learning.","24 November, 2025",,NaukriSim
JOB00679,Operations Analyst,Wheeler Group Systems,noida ,"We are looking for a Operations Analyst to join our analytics team. Must have hands-on experience with Tableau, Data Warehousing, Snowflake, SQL. Prior internship experience preferred.",Feb 2026,₹6L - ₹8L PA,LinkedInSim
JOB00038,Marketing Data Analyst,Baker Mason and White Solutions,Remote - India,"We are looking for a Marketing Data Analyst to join our analytics team. Must have hands-on experience with Tableau, Data Warehousing, Snowflake, SQL. Prior internship experience preferred.",16-Feb-2026,,IndeedSim
JOB00243,Product Analyst,Gonzales-Harrison Solutions,Hyderabad,"The ideal candidate is proficient in Statistics, Pandas, A/B Testing, Python, Machine Learning and can translate business questions into data-driven answers. Experience with Airflow, Excel, Data Warehousing is a plus.","23 December, 2025",₹4L - ₹5L PA,LinkedInSim
JOB00046,Data Analyst (Fresher),Spence PLC Technologies,remote,"Responsibilities include building dashboards, writing queries, and reporting to leadership. Required: Excel, Communication Skills, VBA, PowerPoint. Nice to have: Python, Statistics.",Jan 2026,8-11 LPA,InternshalaSim
JOB00600,Product Analyst,Fox-Edwards Consulting,Hyderabad,"We are looking for a Product Analyst to join our analytics team. Must have hands-on experience with AWS, SQL, dbt, Python, Git. Prior internship experience preferred.",27/08/2025,₹8L - ₹9L PA,InternshalaSim
JOB00662,Data Analyst,Robinson Jones and Henderson Systems,"Mumbai, MH","Join our growing data team! Skills needed: ETL, PostgreSQL, Airflow, SQL, Python. Freshers with strong Machine Learning, Communication Skills, Git fundamentals encouraged to apply.","08 June, 2026",₹6L - ₹9L PA,InternshalaSim
JOB00523,Product Analyst,Green LLC Analytics,Noida,"Product Analyst needed for a fast-paced fintech startup. Core stack: Statistics, Pandas, A/B Testing, Python, Machine Learning. Bonus points for Google Sheets exposure.",23/03/2026,,NaukriSim
JOB00361,Data Analyst,Henry Group Systems,Remote,"The ideal candidate is proficient in Tableau, Data Warehousing, Snowflake, SQL and can translate business questions into data-driven answers. Experience with VBA is a plus.",Jan 2026,,IndeedSim
JOB00536,Associate Data Analyst,Parker Ltd Solutions,Pune,"We are looking for a Associate Data Analyst to join our analytics team. Must have hands-on experience with ETL, PostgreSQL, Airflow, SQL, Python. Prior internship experience preferred.",2025-09-03,₹8L - ₹10L PA,IndeedSim
JOB00027,Marketing Data Analyst,Baker and Sons Analytics,Mumbai,"We are looking for a Marketing Data Analyst to join our analytics team. Must have hands-on experience with Statistics, Pandas, A/B Testing, Python, Machine Learning. Prior internship experience preferred.",11/10/2025,,NaukriSim
JOB00503,Associate Data Analyst,Morgan-Lopez Systems,Mumbai,"Join our growing data team! Skills needed: Tableau, Data Warehousing, Snowflake, SQL. Freshers with strong Python, Pandas fundamentals encouraged to apply.",07-Jan-2026,₹8L - ₹9L PA,IndeedSim
JOB00144,Operations Analyst,Lee Horton and Snyder Softwares,"Mumbai, MH","We are looking for a Operations Analyst to join our analytics team. Must have hands-on experience with Stakeholder Management, Excel, Power BI, SQL. Prior internship experience preferred.",02/12/2025,"INR 6,00,000 - 7,00,000",IndeedSim
JOB00624,Analytics Associate,Rodgers Jefferson and Johnson Analytics,Chennai,"Analytics Associate needed for a fast-paced fintech startup. Core stack: Excel, Communication Skills, VBA, PowerPoint. Bonus points for Looker, MySQL exposure.",14-Mar-2026,,NaukriSim
JOB00547,Product Analyst,Ferguson Shaw and Jackson Solutions,Hyderabad,"Product Analyst needed for a fast-paced fintech startup. Core stack: Statistics, Pandas, A/B Testing, Python, Machine Learning. Bonus points for Tableau, Excel exposure.",2025-07-24,"INR 5,00,000 - 6,00,000",InternshalaSim
JOB00301,Marketing Data Analyst,Thomas Murray and King Labs,noida ,"Marketing Data Analyst needed for a fast-paced fintech startup. Core stack: ETL, PostgreSQL, Airflow, SQL, Python. Bonus points for Data Warehousing, Google Sheets exposure.",2026-07-11,4-7 LPA,NaukriSim
JOB00631,Operations Analyst,Small-Anderson Softwares,"hyderabad, TG","Join our growing data team! Skills needed: Excel, Communication Skills, VBA, PowerPoint. Freshers with strong Stakeholder Management fundamentals encouraged to apply.",25/09/2025,,InternshalaSim
JOB00048,Product Analyst,Martin Rose and Obrien Technologies,Bengaluru,"Join our growing data team! Skills needed: AWS, SQL, dbt, Python, Git. Freshers with strong Stakeholder Management, Power BI fundamentals encouraged to apply.",2026-04-19,,IndeedSim
JOB00308,Data Analyst (Fresher),Armstrong-Andrews Consulting,Gurgaon,"We are looking for a Data Analyst (Fresher) to join our analytics team. Must have hands-on experience with Statistics, Pandas, A/B Testing, Python, Machine Learning. Prior internship experience preferred.",2025-11-23,₹7L - ₹10L PA,InternshalaSim
JOB00255,Data Analyst - Entry Level,Roberts-Landry Technologies,Pune,"Responsibilities include building dashboards, writing queries, and reporting to leadership. Required: Stakeholder Management, Excel, Power BI, SQL. Nice to have: Pandas.",2026-02-04,3-5 LPA,IndeedSim
JOB00001,Marketing Data Analyst,Rodriguez Figueroa and Sanchez Analytics,Bangalore,"We are looking for a Marketing Data Analyst to join our analytics team. Must have hands-on experience with AWS, SQL, dbt, Python, Git. Prior internship experience preferred.","09 August, 2025",,InternshalaSim
JOB00746,Analytics Associate,White LLC Digital,Noida,"The ideal candidate is proficient in Statistics, Pandas, A/B Testing, Python, Machine Learning and can translate business questions into data-driven answers. Experience with Tableau, Google Sheets is a plus.",26/07/2025,,LinkedInSim
JOB00176,Data Analyst - Entry Level,King-Miller Softwares,New Delhi,"Data Analyst - Entry Level needed for a fast-paced fintech startup. Core stack: Statistics, Pandas, A/B Testing, Python, Machine Learning. Bonus points for Airflow exposure.",16-Jul-2026,₹8L - ₹9L PA,NaukriSim
JOB00558,Junior Data Analyst,Edwards Ltd Systems,"hyderabad, TG","Join our growing data team! Skills needed: Stakeholder Management, Excel, Power BI, SQL. Freshers with strong Airflow, Machine Learning, Statistics fundamentals encouraged to apply.",Oct 2025,Rs 8L to 11L per annum,NaukriSim
JOB00373,Product Analyst,Reynolds Ltd Technologies,noida ,"Responsibilities include building dashboards, writing queries, and reporting to leadership. Required: AWS, SQL, dbt, Python, Git. Nice to have: Azure, Google Sheets.","29 June, 2026","INR 6,00,000 - 8,00,000",NaukriSim
JOB00603,BI Analyst,Becker Lara and Baker Solutions,Pune,"BI Analyst needed for a fast-paced fintech startup. Core stack: Excel, Communication Skills, VBA, PowerPoint. Bonus points for Python, GCP, Advanced Excel exposure.",04/09/2025,"INR 6,00,000 - 7,00,000",LinkedInSim
JOB00519,Junior Data Analyst,Hines-Berry Labs,pune,"We are looking for a Junior Data Analyst to join our analytics team. Must have hands-on experience with Statistics, Pandas, A/B Testing, Python, Machine Learning. Prior internship experience preferred.","05 August, 2025",₹5L - ₹6L PA,LinkedInSim
JOB00585,BI Analyst,Patel Erickson and Evans Digital,"Mumbai, MH","BI Analyst needed for a fast-paced fintech startup. Core stack: Excel, Communication Skills, VBA, PowerPoint. Bonus points for Stakeholder Management, PostgreSQL exposure.",03-Apr-2026,,IndeedSim
JOB00087,Data Analyst,Ferrell Jones and Lewis Digital,New Delhi,"We are looking for a Data Analyst to join our analytics team. Must have hands-on experience with Stakeholder Management, Excel, Power BI, SQL. Prior internship experience preferred.",Sep 2025,"INR 5,00,000 - 6,00,000",LinkedInSim
JOB00719,Analytics Associate,White-Preston Technologies,Hyderabad,"Join our growing data team! Skills needed: Stakeholder Management, Excel, Power BI, SQL. Freshers with strong Data Warehousing fundamentals encouraged to apply.",07-Jan-2026,₹4L - ₹6L PA,NaukriSim
JOB00263,BI Analyst,Martinez-Dudley Solutions,Bengaluru,"Join our growing data team! Skills needed: AWS, SQL, dbt, Python, Git. Freshers with strong Statistics fundamentals encouraged to apply.",2025-11-01,₹5L - ₹6L PA,InternshalaSim
JOB00240,Marketing Data Analyst,Walker Hernandez and Baker Systems,Delhi,"We are looking for a Marketing Data Analyst to join our analytics team. Must have hands-on experience with Excel, Communication Skills, VBA, PowerPoint. Prior internship experience preferred.",Apr 2026,,InternshalaSim
JOB00166,Business Analyst,Medina-Navarro Softwares,Remote,"Responsibilities include building dashboards, writing queries, and reporting to leadership. Required: Statistics, Pandas, A/B Testing, Python, Machine Learning. Nice to have: VBA, Snowflake.",Sep 2025,,LinkedInSim
JOB00212,Data Analyst - Entry Level,King-Martinez Softwares,Remote - India,"We are looking for a Data Analyst - Entry Level to join our analytics team. Must have hands-on experience with Tableau, Data Warehousing, Snowflake, SQL. Prior internship experience preferred.",13-May-2026,,InternshalaSim
JOB00132,Operations Analyst,Spencer-Lee Solutions,delhi ncr,"Responsibilities include building dashboards, writing queries, and reporting to leadership. Required: Excel, Communication Skills, VBA, PowerPoint. Nice to have: ETL.","20 March, 2026",₹8L - ₹11L PA,IndeedSim
JOB00041,Product Analyst,Ryan PLC Analytics,Hyderabad,"Join our growing data team! Skills needed: Excel, Communication Skills, VBA, PowerPoint. Freshers with strong dbt, Machine Learning fundamentals encouraged to apply.",Nov 2025,,NaukriSim
JOB00126,Analytics Associate,Smith-Frost Labs,delhi ncr,"Analytics Associate needed for a fast-paced fintech startup. Core stack: Excel, Communication Skills, VBA, PowerPoint. Bonus points for Statistics exposure.",Dec 2025,Rs 6L to 9L per annum,LinkedInSim
JOB00322,BI Analyst,Brock-Mcdonald Consulting,mumbai ,"Responsibilities include building dashboards, writing queries, and reporting to leadership. Required: Stakeholder Management, Excel, Power BI, SQL. Nice to have: Looker, A/B Testing.",Jan 2026,₹8L - ₹9L PA,LinkedInSim
JOB00458,Data Analyst (Fresher),Young-Allen Systems,delhi ncr,"The ideal candidate is proficient in AWS, SQL, dbt, Python, Git and can translate business questions into data-driven answers. Experience with Pandas, Data Warehousing is a plus.",22/05/2026,"INR 3,00,000 - 6,00,000",NaukriSim
JOB00569,Operations Analyst,Levy-Lewis Solutions,Hyderabad,"Responsibilities include building dashboards, writing queries, and reporting to leadership. Required: AWS, SQL, dbt, Python, Git. Nice to have: Tableau.",Jan 2026,,LinkedInSim
JOB00006,Reporting Analyst,Gardner Robinson and Lawrence Softwares,Noida,"Responsibilities include building dashboards, writing queries, and reporting to leadership. Required: Statistics, Pandas, A/B Testing, Python, Machine Learning. Nice to have: SQL.",05-Apr-2026,₹8L - ₹11L PA,LinkedInSim
JOB00185,Data Analyst - Entry Level,Rodriguez-Johnson Labs,Hyderabad,"The ideal candidate is proficient in Statistics, Pandas, A/B Testing, Python, Machine Learning and can translate business questions into data-driven answers. Experience with R is a plus.",2026-05-25,₹6L - ₹9L PA,LinkedInSim
JOB00677,Marketing Data Analyst,Mendez-Mayer Digital,"Bengaluru, Karnataka","Marketing Data Analyst needed for a fast-paced fintech startup. Core stack: Statistics, Pandas, A/B Testing, Python, Machine Learning. Bonus points for Azure, AWS, Tableau exposure.","13 April, 2026",7-10 LPA,LinkedInSim
JOB00645,Associate Data Analyst,Sullivan PLC Solutions,Bangalore,"The ideal candidate is proficient in AWS, SQL, dbt, Python, Git and can translate business questions into data-driven answers. Experience with PostgreSQL, A/B Testing, NumPy is a plus.",2025-12-11,3-6 LPA,NaukriSim
JOB00213,BI Analyst,Stewart Ltd Digital,Gurugram,"BI Analyst needed for a fast-paced fintech startup. Core stack: Excel, Communication Skills, VBA, PowerPoint. Bonus points for Google Sheets exposure.",13-May-2026,Rs 8L to 9L per annum,IndeedSim
JOB00128,Associate Data Analyst,Diaz Inc Solutions,pune,"Join our growing data team! Skills needed: Stakeholder Management, Excel, Power BI, SQL. Freshers with strong Communication Skills fundamentals encouraged to apply.",2026-01-24,"INR 6,00,000 - 9,00,000",LinkedInSim
JOB00733,Analytics Associate,Adams-Sanders Consulting,mumbai ,"Join our growing data team! Skills needed: Excel, Communication Skills, VBA, PowerPoint. Freshers with strong Stakeholder Management, Python, PostgreSQL fundamentals encouraged to apply.",16/06/2026,,LinkedInSim
JOB00532,Data Analyst - Entry Level,Conner and Sons Softwares,Hyderabad,"Join our growing data team! Skills needed: Statistics, Pandas, A/B Testing, Python, Machine Learning. Freshers with strong Airflow fundamentals encouraged to apply.",17/03/2026,7-8 LPA,NaukriSim
JOB00598,Data Analyst (Fresher),Thornton PLC Systems,delhi ncr,"The ideal candidate is proficient in Stakeholder Management, Excel, Power BI, SQL and can translate business questions into data-driven answers. Experience with Pandas is a plus.",Apr 2026,₹8L - ₹10L PA,IndeedSim
JOB00739,Data Analyst (Fresher),Walsh Ltd Digital,Pune,"Responsibilities include building dashboards, writing queries, and reporting to leadership. Required: AWS, SQL, dbt, Python, Git. Nice to have: A/B Testing.","27 August, 2025",,NaukriSim
JOB00543,Associate Data Analyst,Torres and Sons Consulting,pune,"The ideal candidate is proficient in Excel, Communication Skills, VBA, PowerPoint and can translate business questions into data-driven answers. Experience with Python, Pandas, Data Warehousing is a plus.",2026-06-19,"INR 4,00,000 - 7,00,000",InternshalaSim
JOB00550,Marketing Data Analyst,Miller Ltd Analytics,delhi ncr,"The ideal candidate is proficient in Stakeholder Management, Excel, Power BI, SQL and can translate business questions into data-driven answers. Experience with ETL, Communication Skills is a plus.",05-Dec-2025,,NaukriSim
JOB00570,Data Analyst (Fresher),Williams-Campbell Analytics,Gurugram,"The ideal candidate is proficient in Stakeholder Management, Excel, Power BI, SQL and can translate business questions into data-driven answers. Experience with Azure, MySQL is a plus.",10-Nov-2025,₹7L - ₹10L PA,NaukriSim
JOB00677,Marketing Data Analyst,Mendez-Mayer Digital,"Bengaluru, Karnataka","Marketing Data Analyst needed for a fast-paced fintech startup. Core stack: Statistics, Pandas, A/B Testing, Python, Machine Learning. Bonus points for Azure, AWS, Tableau exposure.","13 April, 2026",7-10 LPA,NaukriSim
JOB00021,Data Analyst (Fresher),Gray-Mayo Technologies,Pune,"Data Analyst (Fresher) needed for a fast-paced fintech startup. Core stack: Statistics, Pandas, A/B Testing, Python, Machine Learning. Bonus points for Google Sheets exposure.",Aug 2025,,IndeedSim
JOB00416,Data Analyst - Entry Level,Hicks Bullock and Bailey Technologies,bangalore,"The ideal candidate is proficient in Tableau, Data Warehousing, Snowflake, SQL and can translate business questions into data-driven answers. Experience with dbt, AWS, ETL is a plus.",2026-01-12,,InternshalaSim
JOB00190,Data Analyst - Entry Level,Burke Martinez and Riggs Labs,delhi ncr,"Join our growing data team! Skills needed: AWS, SQL, dbt, Python, Git. Freshers with strong PowerPoint fundamentals encouraged to apply.","22 June, 2026",6-9 LPA,InternshalaSim
JOB00551,Product Analyst,Baker Clark and Armstrong Labs,remote,"Responsibilities include building dashboards, writing queries, and reporting to leadership. Required: Tableau, Data Warehousing, Snowflake, SQL. Nice to have: PowerPoint.",2026-04-12,,InternshalaSim
JOB00066,Business Analyst,Morton-Chase Labs,mumbai ,"We are looking for a Business Analyst to join our analytics team. Must have hands-on experience with Tableau, Data Warehousing, Snowflake, SQL. Prior internship experience preferred.",Dec 2025,₹6L - ₹8L PA,LinkedInSim
JOB00334,Data Analyst,Davis PLC Technologies,Remote,"The ideal candidate is proficient in Excel, Communication Skills, VBA, PowerPoint and can translate business questions into data-driven answers. Experience with Azure, AWS is a plus.","01 August, 2025",,LinkedInSim
JOB00102,Analytics Associate,Patterson Smith and Jones Digital,"Bengaluru, Karnataka","Analytics Associate needed for a fast-paced fintech startup. Core stack: AWS, SQL, dbt, Python, Git. Bonus points for Stakeholder Management exposure.",Apr 2026,"INR 4,00,000 - 6,00,000",InternshalaSim
JOB00129,Data Analyst (Fresher),Mccall Hanson and Alvarado Analytics,Gurgaon,"We are looking for a Data Analyst (Fresher) to join our analytics team. Must have hands-on experience with ETL, PostgreSQL, Airflow, SQL, Python. Prior internship experience preferred.",21-Jul-2025,"INR 4,00,000 - 5,00,000",InternshalaSim
JOB00586,Product Analyst,Richardson Ltd Digital,Delhi,"Product Analyst needed for a fast-paced fintech startup. Core stack: Tableau, Data Warehousing, Snowflake, SQL. Bonus points for dbt, Stakeholder Management, PostgreSQL exposure.","03 June, 2026",Rs 3L to 6L per annum,InternshalaSim
JOB00306,BI Analyst,Bruce-Gonzalez Labs,noida ,"Responsibilities include building dashboards, writing queries, and reporting to leadership. Required: Tableau, Data Warehousing, Snowflake, SQL. Nice to have: AWS, PowerPoint.",04-Nov-2025,8-11 LPA,IndeedSim
JOB00641,Product Analyst,Young-Molina Analytics,Remote,"We are looking for a Product Analyst to join our analytics team. Must have hands-on experience with Stakeholder Management, Excel, Power BI, SQL. Prior internship experience preferred.",07-Apr-2026,,IndeedSim
JOB00496,Data Analyst - Entry Level,Carter Inc Softwares,Noida,"Data Analyst - Entry Level needed for a fast-paced fintech startup. Core stack: AWS, SQL, dbt, Python, Git. Bonus points for Data Warehousing, PostgreSQL, Snowflake exposure.",28-Sep-2025,₹5L - ₹8L PA,InternshalaSim
JOB00394,Associate Data Analyst,Miller Ramos and Coleman Solutions,remote,"We are looking for a Associate Data Analyst to join our analytics team. Must have hands-on experience with ETL, PostgreSQL, Airflow, SQL, Python. Prior internship experience preferred.",05/03/2026,6-7 LPA,LinkedInSim
JOB00186,Data Analyst - Entry Level,Johnston-Odonnell Analytics,"Bengaluru, Karnataka","Data Analyst - Entry Level needed for a fast-paced fintech startup. Core stack: Tableau, Data Warehousing, Snowflake, SQL. Bonus points for Looker exposure.",2025-08-11,,NaukriSim
JOB00097,BI Analyst,Wagner-King Solutions,Remote - India,"The ideal candidate is proficient in Stakeholder Management, Excel, Power BI, SQL and can translate business questions into data-driven answers. Experience with SQL is a plus.",18-Oct-2025,₹3L - ₹6L PA,LinkedInSim
JOB00712,Reporting Analyst,Tran-Silva Analytics,Hyderabad,"The ideal candidate is proficient in Stakeholder Management, Excel, Power BI, SQL and can translate business questions into data-driven answers. Experience with Azure, Python is a plus.",Feb 2026,Rs 3L to 4L per annum,InternshalaSim
JOB00492,Junior Data Analyst,Anderson-Bell Technologies,Mumbai,"The ideal candidate is proficient in AWS, SQL, dbt, Python, Git and can translate business questions into data-driven answers. Experience with Snowflake, Google Sheets is a plus.",08/06/2026,Rs 6L to 8L per annum,LinkedInSim
JOB00612,Business Analyst,Reed Group Consulting,"hyderabad, TG","Join our growing data team! Skills needed: ETL, PostgreSQL, Airflow, SQL, Python. Freshers with strong Stakeholder Management, Data Warehousing, Snowflake fundamentals encouraged to apply.",24/06/2026,,LinkedInSim
JOB00004,Junior Data Analyst,Davis and Sons Digital,"Bengaluru, Karnataka","We are looking for a Junior Data Analyst to join our analytics team. Must have hands-on experience with Statistics, Pandas, A/B Testing, Python, Machine Learning. Prior internship experience preferred.","28 November, 2025",,IndeedSim
JOB00601,Data Analyst - Entry Level,Stevens PLC Systems,Gurugram,"The ideal candidate is proficient in Tableau, Data Warehousing, Snowflake, SQL and can translate business questions into data-driven answers. Experience with MySQL is a plus.","16 March, 2026",Rs 8L to 9L per annum,IndeedSim
JOB00024,Marketing Data Analyst,Morales-Jones Consulting,New Delhi,"Responsibilities include building dashboards, writing queries, and reporting to leadership. Required: ETL, PostgreSQL, Airflow, SQL, Python. Nice to have: dbt, Advanced Excel, NumPy.",31/12/2025,"INR 5,00,000 - 7,00,000",NaukriSim
JOB00700,Marketing Data Analyst,Ramsey Hansen and Mendoza Technologies,"Mumbai, MH","The ideal candidate is proficient in ETL, PostgreSQL, Airflow, SQL, Python and can translate business questions into data-driven answers. Experience with Looker is a plus.",31/12/2025,6-9 LPA,IndeedSim
JOB00522,Operations Analyst,Holmes-Mcintyre Solutions,"Mumbai, MH","Join our growing data team! Skills needed: ETL, PostgreSQL, Airflow, SQL, Python. Freshers with strong Azure, R, Looker fundamentals encouraged to apply.",21/03/2026,3-6 LPA,InternshalaSim
JOB00633,Data Analyst (Fresher),Simon Ltd Softwares,Chennai,"Join our growing data team! Skills needed: Tableau, Data Warehousing, Snowflake, SQL. Freshers with strong ETL, Git fundamentals encouraged to apply.",2026-03-25,"INR 6,00,000 - 9,00,000",NaukriSim
JOB00125,Business Analyst,Scott Ltd Solutions,Remote - India,"Responsibilities include building dashboards, writing queries, and reporting to leadership. Required: ETL, PostgreSQL, Airflow, SQL, Python. Nice to have: Looker, Google Sheets.",09/08/2025,Rs 7L to 9L per annum,LinkedInSim
JOB00085,Associate Data Analyst,Evans Stewart and Walton Systems,noida ,"Join our growing data team! Skills needed: Tableau, Data Warehousing, Snowflake, SQL. Freshers with strong PostgreSQL fundamentals encouraged to apply.","26 January, 2026",,InternshalaSim
JOB00120,Data Analyst,Rivera Johnson and Wiley Labs,Hyderabad,"Responsibilities include building dashboards, writing queries, and reporting to leadership. Required: Excel, Communication Skills, VBA, PowerPoint. Nice to have: Azure, Tableau, ETL.",12-Jan-2026,₹5L - ₹8L PA,IndeedSim
JOB00123,Analytics Associate,Chandler-Edwards Consulting,Bangalore,"Responsibilities include building dashboards, writing queries, and reporting to leadership. Required: Statistics, Pandas, A/B Testing, Python, Machine Learning. Nice to have: Tableau, Excel.",15/11/2025,,LinkedInSim
JOB00012,Analytics Associate,Dudley Group Analytics,Noida,"The ideal candidate is proficient in Statistics, Pandas, A/B Testing, Python, Machine Learning and can translate business questions into data-driven answers. Experience with Azure, Excel, ETL is a plus.",11/01/2026,"INR 7,00,000 - 8,00,000",InternshalaSim
JOB00717,Data Analyst (Fresher),Murray-Oconnor Technologies,Delhi,"Data Analyst (Fresher) needed for a fast-paced fintech startup. Core stack: ETL, PostgreSQL, Airflow, SQL, Python. Bonus points for Data Warehousing, Git exposure.",2026-02-22,Rs 8L to 9L per annum,LinkedInSim
JOB00456,Operations Analyst,Diaz-Ball Analytics,Bengaluru,"We are looking for a Operations Analyst to join our analytics team. Must have hands-on experience with Stakeholder Management, Excel, Power BI, SQL. Prior internship experience preferred.",Oct 2025,7-10 LPA,InternshalaSim
JOB00282,Reporting Analyst,Hughes-Alvarado Technologies,Gurugram,"Responsibilities include building dashboards, writing queries, and reporting to leadership. Required: Statistics, Pandas, A/B Testing, Python, Machine Learning. Nice to have: PostgreSQL.",Apr 2026,,NaukriSim
JOB00392,Operations Analyst,Ware and Sons Technologies,Bangalore,"Operations Analyst needed for a fast-paced fintech startup. Core stack: AWS, SQL, dbt, Python, Git. Bonus points for A/B Testing exposure.",31-May-2026,"INR 5,00,000 - 6,00,000",LinkedInSim
JOB00475,Associate Data Analyst,Blake Group Digital,Chennai,"We are looking for a Associate Data Analyst to join our analytics team. Must have hands-on experience with Stakeholder Management, Excel, Power BI, SQL. Prior internship experience preferred.","04 August, 2025",₹5L - ₹7L PA,NaukriSim
JOB00047,Data Analyst - Entry Level,Anderson Group Systems,pune,"Responsibilities include building dashboards, writing queries, and reporting to leadership. Required: Excel, Communication Skills, VBA, PowerPoint. Nice to have: A/B Testing.",Aug 2025,₹6L - ₹7L PA,IndeedSim
JOB00385,Product Analyst,Farmer Dorsey and Bell Softwares,Delhi,"Product Analyst needed for a fast-paced fintech startup. Core stack: Statistics, Pandas, A/B Testing, Python, Machine Learning. Bonus points for Looker, Snowflake exposure.",Jul 2026,,NaukriSim
JOB00177,Associate Data Analyst,Curry Inc Systems,mumbai ,"Responsibilities include building dashboards, writing queries, and reporting to leadership. Required: Excel, Communication Skills, VBA, PowerPoint. Nice to have: Azure, dbt, Git.",2025-08-02,5-7 LPA,LinkedInSim
JOB00611,BI Analyst,Williams-Moses Technologies,Mumbai,"Join our growing data team! Skills needed: Excel, Communication Skills, VBA, PowerPoint. Freshers with strong Airflow, Statistics fundamentals encouraged to apply.",27-Feb-2026,"INR 5,00,000 - 8,00,000",InternshalaSim
JOB00310,Operations Analyst,Smith-Grimes Solutions,Bengaluru,"Responsibilities include building dashboards, writing queries, and reporting to leadership. Required: Excel, Communication Skills, VBA, PowerPoint. Nice to have: Tableau, Data Warehousing.",2025-08-31,,IndeedSim
JOB00501,Business Analyst,Rivera Martinez and Richardson Solutions,"hyderabad, TG","Join our growing data team! Skills needed: Excel, Communication Skills, VBA, PowerPoint. Freshers with strong Advanced Excel, Snowflake fundamentals encouraged to apply.",29/08/2025,,IndeedSim
JOB00407,Reporting Analyst,Berry-Mckinney Labs,Bangalore,"Reporting Analyst needed for a fast-paced fintech startup. Core stack: Tableau, Data Warehousing, Snowflake, SQL. Bonus points for Excel, Google Sheets exposure.",Dec 2025,,InternshalaSim
JOB00247,BI Analyst,Davis Ltd Solutions,"hyderabad, TG","We are looking for a BI Analyst to join our analytics team. Must have hands-on experience with Stakeholder Management, Excel, Power BI, SQL. Prior internship experience preferred.",14-Jul-2026,,NaukriSim
JOB00122,BI Analyst,Johnson-Carlson Systems,Noida,"We are looking for a BI Analyst to join our analytics team. Must have hands-on experience with AWS, SQL, dbt, Python, Git. Prior internship experience preferred.","13 February, 2026",₹5L - ₹6L PA,InternshalaSim
JOB00035,Product Analyst,Dyer Potter and Mack Systems,bangalore,"Responsibilities include building dashboards, writing queries, and reporting to leadership. Required: Stakeholder Management, Excel, Power BI, SQL. Nice to have: Airflow, Statistics, Google Sheets.","10 December, 2025",3-5 LPA,IndeedSim
JOB00251,BI Analyst,Moon-White Systems,mumbai ,"Responsibilities include building dashboards, writing queries, and reporting to leadership. Required: Statistics, Pandas, A/B Testing, Python, Machine Learning. Nice to have: Airflow.",2026-05-22,₹6L - ₹8L PA,IndeedSim
JOB00414,BI Analyst,Cook and Sons Solutions,Noida,"BI Analyst needed for a fast-paced fintech startup. Core stack: AWS, SQL, dbt, Python, Git. Bonus points for Airflow exposure.",2025-10-28,,IndeedSim
JOB00153,Junior Data Analyst,Manning Group Technologies,mumbai ,"The ideal candidate is proficient in Excel, Communication Skills, VBA, PowerPoint and can translate business questions into data-driven answers. Experience with Looker, AWS is a plus.","28 January, 2026",,IndeedSim
JOB00445,Analytics Associate,Conner Li and Santiago Labs,pune,"Analytics Associate needed for a fast-paced fintech startup. Core stack: ETL, PostgreSQL, Airflow, SQL, Python. Bonus points for Pandas, Power BI, Google Sheets exposure.",Feb 2026,4-7 LPA,LinkedInSim
JOB00608,Operations Analyst,Hill Martinez and Rhodes Digital,Remote - India,"Operations Analyst needed for a fast-paced fintech startup. Core stack: Statistics, Pandas, A/B Testing, Python, Machine Learning. Bonus points for MySQL exposure.",2026-06-21,"INR 4,00,000 - 6,00,000",NaukriSim
JOB00347,Marketing Data Analyst,Jones PLC Consulting,Hyderabad,"Responsibilities include building dashboards, writing queries, and reporting to leadership. Required: ETL, PostgreSQL, Airflow, SQL, Python. Nice to have: Advanced Excel.",2026-01-07,"INR 7,00,000 - 10,00,000",NaukriSim
JOB00528,BI Analyst,Contreras-Mckinney Labs,"Bengaluru, Karnataka","Join our growing data team! Skills needed: ETL, PostgreSQL, Airflow, SQL, Python. Freshers with strong Stakeholder Management, Excel, Google Sheets fundamentals encouraged to apply.",2026-03-31,Rs 6L to 7L per annum,LinkedInSim
JOB00121,Junior Data Analyst,White-Estes Consulting,"Bengaluru, Karnataka","Junior Data Analyst needed for a fast-paced fintech startup. Core stack: Tableau, Data Warehousing, Snowflake, SQL. Bonus points for Pandas, R, A/B Testing exposure.",06-May-2026,,LinkedInSim
JOB00699,Marketing Data Analyst,Morrison Russo and Lopez Consulting,"hyderabad, TG","Responsibilities include building dashboards, writing queries, and reporting to leadership. Required: Tableau, Data Warehousing, Snowflake, SQL. Nice to have: NumPy.",Oct 2025,"INR 6,00,000 - 8,00,000",InternshalaSim
JOB00698,Business Analyst,Calderon Williams and Bennett Softwares,"Mumbai, MH","Join our growing data team! Skills needed: AWS, SQL, dbt, Python, Git. Freshers with strong PowerPoint fundamentals encouraged to apply.","16 August, 2025",,InternshalaSim
JOB00486,Product Analyst,Jones-Fox Softwares,Gurugram,"Join our growing data team! Skills needed: Tableau, Data Warehousing, Snowflake, SQL. Freshers with strong Communication Skills fundamentals encouraged to apply.",22-Apr-2026,₹3L - ₹6L PA,InternshalaSim
JOB00365,Junior Data Analyst,Phillips Wagner and Jordan Systems,New Delhi,"Join our growing data team! Skills needed: Tableau, Data Warehousing, Snowflake, SQL. Freshers with strong Machine Learning, A/B Testing fundamentals encouraged to apply.","15 January, 2026","INR 3,00,000 - 6,00,000",InternshalaSim
JOB00099,Associate Data Analyst,Williams-Cook Consulting,Chennai,"Associate Data Analyst needed for a fast-paced fintech startup. Core stack: Tableau, Data Warehousing, Snowflake, SQL. Bonus points for Looker exposure.","30 March, 2026",,IndeedSim
JOB00058,Data Analyst,Johnston Sanchez and Kennedy Analytics,delhi ncr,"Responsibilities include building dashboards, writing queries, and reporting to leadership. Required: ETL, PostgreSQL, Airflow, SQL, Python. Nice to have: dbt, Advanced Excel.","16 August, 2025","INR 7,00,000 - 10,00,000",InternshalaSim
JOB00173,Data Analyst,White-Green Technologies,delhi ncr,"Join our growing data team! Skills needed: Tableau, Data Warehousing, Snowflake, SQL. Freshers with strong Pandas, MySQL, NumPy fundamentals encouraged to apply.","27 August, 2025",Rs 4L to 7L per annum,IndeedSim
JOB00438,Operations Analyst,Williams Mccoy and Cook Analytics,"Bengaluru, Karnataka","Operations Analyst needed for a fast-paced fintech startup. Core stack: AWS, SQL, dbt, Python, Git. Bonus points for Advanced Excel exposure.",07-May-2026,,NaukriSim
JOB00705,Operations Analyst,Sanders and Sons Systems,Bangalore,"Join our growing data team! Skills needed: Statistics, Pandas, A/B Testing, Python, Machine Learning. Freshers with strong Communication Skills fundamentals encouraged to apply.","26 December, 2025",3-5 LPA,InternshalaSim
JOB00152,Marketing Data Analyst,Simmons Meadows and Griffin Labs,remote,"Marketing Data Analyst needed for a fast-paced fintech startup. Core stack: Excel, Communication Skills, VBA, PowerPoint. Bonus points for Python, AWS, Data Warehousing exposure.",23-Feb-2026,"INR 8,00,000 - 10,00,000",InternshalaSim
JOB00105,BI Analyst,Nolan-Flynn Digital,bangalore,"BI Analyst needed for a fast-paced fintech startup. Core stack: Statistics, Pandas, A/B Testing, Python, Machine Learning. Bonus points for MySQL exposure.",04/11/2025,,InternshalaSim
JOB00590,Data Analyst (Fresher),Patton Parsons and Lane Systems,delhi ncr,,Mar 2026,,LinkedInSim
JOB00371,Operations Analyst,Mcdaniel Group Consulting,Hyderabad,"Join our growing data team! Skills needed: Tableau, Data Warehousing, Snowflake, SQL. Freshers with strong PostgreSQL, Advanced Excel, A/B Testing fundamentals encouraged to apply.",2026-05-15,,InternshalaSim
JOB00734,Data Analyst - Entry Level,Chung-Stevens Solutions,Bengaluru,"The ideal candidate is proficient in ETL, PostgreSQL, Airflow, SQL, Python and can translate business questions into data-driven answers. Experience with GCP, Communication Skills, PowerPoint is a plus.","23 March, 2026",,InternshalaSim
JOB00201,Associate Data Analyst,Barnett Rogers and Snyder Labs,Delhi,"We are looking for a Associate Data Analyst to join our analytics team. Must have hands-on experience with Statistics, Pandas, A/B Testing, Python, Machine Learning. Prior internship experience preferred.",Jun 2026,₹7L - ₹9L PA,NaukriSim
JOB00224,Operations Analyst,Wilson-Jones Analytics,remote,"The ideal candidate is proficient in Stakeholder Management, Excel, Power BI, SQL and can translate business questions into data-driven answers. Experience with Tableau, Statistics, NumPy is a plus.",2025-11-29,,InternshalaSim
JOB00215,Product Analyst,Washington Hardy and Bray Solutions,noida ,"Join our growing data team! Skills needed: Tableau, Data Warehousing, Snowflake, SQL. Freshers with strong Airflow fundamentals encouraged to apply.",24/07/2025,₹5L - ₹8L PA,InternshalaSim
JOB00730,Reporting Analyst,Li Craig and Drake Labs,pune,"Responsibilities include building dashboards, writing queries, and reporting to leadership. Required: ETL, PostgreSQL, Airflow, SQL, Python. Nice to have: Power BI.",08-Nov-2025,,InternshalaSim
JOB00714,Product Analyst,Hudson-Sanchez Labs,Chennai,"We are looking for a Product Analyst to join our analytics team. Must have hands-on experience with AWS, SQL, dbt, Python, Git. Prior internship experience preferred.",May 2026,,InternshalaSim
JOB00495,Operations Analyst,Brown Group Analytics,Mumbai,"Responsibilities include building dashboards, writing queries, and reporting to leadership. Required: AWS, SQL, dbt, Python, Git. Nice to have: Azure, VBA, Stakeholder Management.","25 November, 2025",,NaukriSim
JOB00453,Data Analyst - Entry Level,Harper and Sons Systems,Hyderabad,"Responsibilities include building dashboards, writing queries, and reporting to leadership. Required: Excel, Communication Skills, VBA, PowerPoint. Nice to have: SQL.",27/11/2025,7-8 LPA,InternshalaSim
JOB00141,Product Analyst,Hernandez Inc Softwares,bangalore,"Responsibilities include building dashboards, writing queries, and reporting to leadership. Required: ETL, PostgreSQL, Airflow, SQL, Python. Nice to have: Advanced Excel.",Jan 2026,3-6 LPA,InternshalaSim
JOB00592,Business Analyst,Harvey Randall and Hernandez Technologies,New Delhi,"We are looking for a Business Analyst to join our analytics team. Must have hands-on experience with Statistics, Pandas, A/B Testing, Python, Machine Learning. Prior internship experience preferred.",2025-11-15,,NaukriSim
JOB00168,Product Analyst,Johnson-Rogers Digital,Pune,"We are looking for a Product Analyst to join our analytics team. Must have hands-on experience with Statistics, Pandas, A/B Testing, Python, Machine Learning. Prior internship experience preferred.",2026-02-24,"INR 6,00,000 - 9,00,000",InternshalaSim
JOB00469,Associate Data Analyst,Brown-Shaw Technologies,Noida,"Join our growing data team! Skills needed: ETL, PostgreSQL, Airflow, SQL, Python. Freshers with strong Power BI, Data Warehousing fundamentals encouraged to apply.",20-Oct-2025,₹6L - ₹9L PA,IndeedSim
JOB00312,Data Analyst (Fresher),Parsons-Hall Technologies,bangalore,"Responsibilities include building dashboards, writing queries, and reporting to leadership. Required: Tableau, Data Warehousing, Snowflake, SQL. Nice to have: Airflow.",14-Jul-2026,₹7L - ₹8L PA,NaukriSim
JOB00056,Product Analyst,Jones-Young Digital,Gurugram,"The ideal candidate is proficient in Stakeholder Management, Excel, Power BI, SQL and can translate business questions into data-driven answers. Experience with NumPy is a plus.",14/11/2025,"INR 5,00,000 - 7,00,000",IndeedSim
JOB00595,Data Analyst - Entry Level,Hernandez-Vaughn Solutions,"Bengaluru, Karnataka","Join our growing data team! Skills needed: ETL, PostgreSQL, Airflow, SQL, Python. Freshers with strong R fundamentals encouraged to apply.",24-Dec-2025,"INR 3,00,000 - 5,00,000",NaukriSim
JOB00332,Associate Data Analyst,Turner Ortiz and Taylor Solutions,pune,"The ideal candidate is proficient in Stakeholder Management, Excel, Power BI, SQL and can translate business questions into data-driven answers. Experience with ETL is a plus.",May 2026,,LinkedInSim
JOB00135,Marketing Data Analyst,Mitchell-Jordan Solutions,Mumbai,"Responsibilities include building dashboards, writing queries, and reporting to leadership. Required: Stakeholder Management, Excel, Power BI, SQL. Nice to have: Looker, VBA.",2026-04-09,"INR 3,00,000 - 5,00,000",InternshalaSim
JOB00100,Associate Data Analyst,Walsh LLC Technologies,bangalore,"We are looking for a Associate Data Analyst to join our analytics team. Must have hands-on experience with Excel, Communication Skills, VBA, PowerPoint. Prior internship experience preferred.",Nov 2025,,NaukriSim
JOB00404,Associate Data Analyst,Jones-Hensley Softwares,Remote,"Associate Data Analyst needed for a fast-paced fintech startup. Core stack: Statistics, Pandas, A/B Testing, Python, Machine Learning. Bonus points for Looker, Power BI, dbt exposure.","22 April, 2026",Rs 8L to 11L per annum,IndeedSim
JOB00691,Product Analyst,White-Medina Systems,pune,"Join our growing data team! Skills needed: Statistics, Pandas, A/B Testing, Python, Machine Learning. Freshers with strong MySQL fundamentals encouraged to apply.",Jun 2026,,NaukriSim
JOB00200,Junior Data Analyst,Christensen PLC Solutions,Delhi,"Responsibilities include building dashboards, writing queries, and reporting to leadership. Required: ETL, PostgreSQL, Airflow, SQL, Python. Nice to have: Azure, R, Communication Skills.",Mar 2026,,InternshalaSim
JOB00681,Product Analyst,Morales and Sons Technologies,Delhi,"The ideal candidate is proficient in AWS, SQL, dbt, Python, Git and can translate business questions into data-driven answers. Experience with Advanced Excel, PostgreSQL is a plus.",28-Apr-2026,₹8L - ₹11L PA,NaukriSim
JOB00290,Analytics Associate,James Stewart and Higgins Solutions,"Bengaluru, Karnataka","The ideal candidate is proficient in Excel, Communication Skills, VBA, PowerPoint and can translate business questions into data-driven answers. Experience with Tableau is a plus.",14/04/2026,,NaukriSim
JOB00541,Product Analyst,Matthews Saunders and Anderson Consulting,noida ,"Join our growing data team! Skills needed: AWS, SQL, dbt, Python, Git. Freshers with strong Excel fundamentals encouraged to apply.",2026-06-07,₹4L - ₹6L PA,NaukriSim
JOB00074,Associate Data Analyst,Stanley Tucker and Lee Softwares,"Bengaluru, Karnataka","The ideal candidate is proficient in Stakeholder Management, Excel, Power BI, SQL and can translate business questions into data-driven answers. Experience with ETL, Advanced Excel, PowerPoint is a plus.","12 February, 2026",,InternshalaSim
JOB00685,Marketing Data Analyst,Young-Walter Technologies,Remote,"Join our growing data team! Skills needed: Stakeholder Management, Excel, Power BI, SQL. Freshers with strong A/B Testing fundamentals encouraged to apply.","02 June, 2026",₹4L - ₹7L PA,InternshalaSim
JOB00401,Business Analyst,Wilson-Jimenez Labs,noida ,"The ideal candidate is proficient in Statistics, Pandas, A/B Testing, Python, Machine Learning and can translate business questions into data-driven answers. Experience with dbt, Airflow, PostgreSQL is a plus.",Apr 2026,,NaukriSim
JOB00357,BI Analyst,Hayes and Sons Consulting,Mumbai,"BI Analyst needed for a fast-paced fintech startup. Core stack: AWS, SQL, dbt, Python, Git. Bonus points for Pandas, Advanced Excel, MySQL exposure.",16/06/2026,"INR 6,00,000 - 8,00,000",LinkedInSim
JOB00485,Operations Analyst,Butler Beck and Miller Digital,pune,"The ideal candidate is proficient in Tableau, Data Warehousing, Snowflake, SQL and can translate business questions into data-driven answers. Experience with dbt, GCP is a plus.",2026-04-24,Rs 8L to 11L per annum,NaukriSim
JOB00433,Data Analyst,Hayes LLC Systems,Chennai,"The ideal candidate is proficient in Stakeholder Management, Excel, Power BI, SQL and can translate business questions into data-driven answers. Experience with GCP, Machine Learning is a plus.","04 February, 2026",Rs 4L to 5L per annum,InternshalaSim
JOB00346,BI Analyst,Zhang PLC Labs,"Mumbai, MH","Responsibilities include building dashboards, writing queries, and reporting to leadership. Required: AWS, SQL, dbt, Python, Git. Nice to have: Statistics, NumPy.","01 April, 2026",₹7L - ₹10L PA,NaukriSim
JOB00173,Data Analyst,White-Green Technologies,delhi ncr,"Join our growing data team! Skills needed: Tableau, Data Warehousing, Snowflake, SQL. Freshers with strong Pandas, MySQL, NumPy fundamentals encouraged to apply.","27 August, 2025",Rs 4L to 7L per annum,InternshalaSim
JOB00562,Associate Data Analyst,Wright-Davis Digital,Gurugram,"The ideal candidate is proficient in ETL, PostgreSQL, Airflow, SQL, Python and can translate business questions into data-driven answers. Experience with Excel is a plus.",06/11/2025,₹7L - ₹10L PA,InternshalaSim
JOB00023,Business Analyst,Perez Inc Analytics,Remote - India,"We are looking for a Business Analyst to join our analytics team. Must have hands-on experience with Stakeholder Management, Excel, Power BI, SQL. Prior internship experience preferred.",03/10/2025,₹3L - ₹6L PA,InternshalaSim
JOB00164,Business Analyst,Smith-Bell Labs,bangalore,"Join our growing data team! Skills needed: Tableau, Data Warehousing, Snowflake, SQL. Freshers with strong Python, Excel, MySQL fundamentals encouraged to apply.",Feb 2026,,LinkedInSim
JOB00676,Junior Data Analyst,Johnson Ltd Systems,Delhi,"Responsibilities include building dashboards, writing queries, and reporting to leadership. Required: ETL, PostgreSQL, Airflow, SQL, Python. Nice to have: Statistics.","11 November, 2025",,LinkedInSim
JOB00307,Junior Data Analyst,Castaneda-Rodriguez Softwares,Mumbai,"Junior Data Analyst needed for a fast-paced fintech startup. Core stack: AWS, SQL, dbt, Python, Git. Bonus points for Airflow, PowerPoint exposure.",19-Apr-2026,4-6 LPA,IndeedSim
JOB00402,Associate Data Analyst,Thompson-James Technologies,Bangalore,"Responsibilities include building dashboards, writing queries, and reporting to leadership. Required: Excel, Communication Skills, VBA, PowerPoint. Nice to have: PostgreSQL, MySQL.",08/09/2025,,InternshalaSim
JOB00500,Product Analyst,Kelly-Norman Solutions,noida ,"Responsibilities include building dashboards, writing queries, and reporting to leadership. Required: Excel, Communication Skills, VBA, PowerPoint. Nice to have: Tableau.",28/07/2025,"INR 7,00,000 - 8,00,000",NaukriSim
JOB00184,Junior Data Analyst,Higgins Strickland and Martin Solutions,Remote,"We are looking for a Junior Data Analyst to join our analytics team. Must have hands-on experience with Excel, Communication Skills, VBA, PowerPoint. Prior internship experience preferred.",10-Jul-2026,Rs 8L to 11L per annum,InternshalaSim
JOB00054,Data Analyst,Robinson Jones and Welch Digital,"hyderabad, TG","Join our growing data team! Skills needed: Stakeholder Management, Excel, Power BI, SQL. Freshers with strong Statistics, Data Warehousing fundamentals encouraged to apply.",24/07/2025,"INR 8,00,000 - 11,00,000",InternshalaSim
JOB00231,Operations Analyst,Branch Torres and Oliver Softwares,Remote,"The ideal candidate is proficient in ETL, PostgreSQL, Airflow, SQL, Python and can translate business questions into data-driven answers. Experience with MySQL is a plus.",2026-02-19,Rs 5L to 6L per annum,NaukriSim
JOB00216,Marketing Data Analyst,Carlson Hooper and Wall Softwares,Mumbai,"The ideal candidate is proficient in AWS, SQL, dbt, Python, Git and can translate business questions into data-driven answers. Experience with R, Advanced Excel is a plus.",Dec 2025,,InternshalaSim
JOB00157,Data Analyst,Mitchell Nelson and Flores Technologies,delhi ncr,"Join our growing data team! Skills needed: Excel, Communication Skills, VBA, PowerPoint. Freshers with strong Data Warehousing, Git fundamentals encouraged to apply.","25 February, 2026",,NaukriSim
JOB00342,Data Analyst - Entry Level,Winters Newman and Brown Softwares,Delhi,"Data Analyst - Entry Level needed for a fast-paced fintech startup. Core stack: AWS, SQL, dbt, Python, Git. Bonus points for Data Warehousing, Statistics exposure.","15 October, 2025",,LinkedInSim
JOB00061,Business Analyst,Brown Valdez and Lucas Systems,Bangalore,"We are looking for a Business Analyst to join our analytics team. Must have hands-on experience with AWS, SQL, dbt, Python, Git. Prior internship experience preferred.",11-Oct-2025,Rs 4L to 7L per annum,NaukriSim
JOB00386,Data Analyst (Fresher),Kane PLC Labs,noida ,"Responsibilities include building dashboards, writing queries, and reporting to leadership. Required: AWS, SQL, dbt, Python, Git. Nice to have: PowerPoint.",22-Dec-2025,"INR 3,00,000 - 6,00,000",LinkedInSim
JOB00299,Analytics Associate,Sparks Jackson and Miller Digital,Noida,"Join our growing data team! Skills needed: Stakeholder Management, Excel, Power BI, SQL. Freshers with strong Python, Advanced Excel, Statistics fundamentals encouraged to apply.",Sep 2025,,InternshalaSim
JOB00507,Product Analyst,Carter Garcia and Murphy Analytics,"Bengaluru, Karnataka","Product Analyst needed for a fast-paced fintech startup. Core stack: Stakeholder Management, Excel, Power BI, SQL. Bonus points for A/B Testing, Snowflake exposure.",2026-04-18,Rs 5L to 7L per annum,NaukriSim
JOB00221,Associate Data Analyst,Garcia-Smith Analytics,Hyderabad,"Responsibilities include building dashboards, writing queries, and reporting to leadership. Required: AWS, SQL, dbt, Python, Git. Nice to have: Looker, PostgreSQL, NumPy.",2026-06-29,,IndeedSim
JOB00647,Analytics Associate,Richardson-Walker Solutions,Pune,"Analytics Associate needed for a fast-paced fintech startup. Core stack: Excel, Communication Skills, VBA, PowerPoint. Bonus points for GCP, Git exposure.",Sep 2025,8-10 LPA,IndeedSim
JOB00490,Reporting Analyst,Cooper Ltd Technologies,Delhi,"Responsibilities include building dashboards, writing queries, and reporting to leadership. Required: Excel, Communication Skills, VBA, PowerPoint. Nice to have: Machine Learning, Data Warehousing, A/B Testing.",Jul 2025,6-9 LPA,LinkedInSim
JOB00588,Marketing Data Analyst,Robles-Swanson Solutions,Bangalore,"Marketing Data Analyst needed for a fast-paced fintech startup. Core stack: AWS, SQL, dbt, Python, Git. Bonus points for Azure, Tableau, Stakeholder Management exposure.",08/11/2025,"INR 8,00,000 - 10,00,000",InternshalaSim
JOB00281,Analytics Associate,Garner-Thornton Digital,"Bengaluru, Karnataka","The ideal candidate is proficient in Excel, Communication Skills, VBA, PowerPoint and can translate business questions into data-driven answers. Experience with Data Warehousing, Snowflake is a plus.",Apr 2026,,NaukriSim
JOB00127,Data Analyst - Entry Level,Mcdaniel Bentley and Mclaughlin Solutions,New Delhi,,"30 May, 2026",5-6 LPA,IndeedSim
JOB00706,Data Analyst - Entry Level,Morris Campbell and Owens Labs,"Mumbai, MH","Data Analyst - Entry Level needed for a fast-paced fintech startup. Core stack: Excel, Communication Skills, VBA, PowerPoint. Bonus points for Azure exposure.",Oct 2025,₹6L - ₹8L PA,IndeedSim
JOB00515,Data Analyst,Gregory Kim and Martinez Labs,Bangalore,"We are looking for a Data Analyst to join our analytics team. Must have hands-on experience with AWS, SQL, dbt, Python, Git. Prior internship experience preferred.",18-Oct-2025,₹6L - ₹7L PA,IndeedSim
JOB00317,Data Analyst - Entry Level,Diaz Anderson and Browning Technologies,delhi ncr,"Responsibilities include building dashboards, writing queries, and reporting to leadership. Required: Excel, Communication Skills, VBA, PowerPoint. Nice to have: Azure, MySQL, Snowflake.","06 September, 2025",₹6L - ₹7L PA,IndeedSim
JOB00745,Operations Analyst,Lam-Elliott Digital,delhi ncr,"Join our growing data team! Skills needed: Stakeholder Management, Excel, Power BI, SQL. Freshers with strong Communication Skills fundamentals encouraged to apply.",2026-07-21,,InternshalaSim
JOB00614,Operations Analyst,Nelson Hoffman and Nelson Softwares,Hyderabad,"The ideal candidate is proficient in Excel, Communication Skills, VBA, PowerPoint and can translate business questions into data-driven answers. Experience with Stakeholder Management is a plus.",19-May-2026,,IndeedSim
JOB00036,Data Analyst,Rodriguez-Graham Digital,Bangalore,"Responsibilities include building dashboards, writing queries, and reporting to leadership. Required: Tableau, Data Warehousing, Snowflake, SQL. Nice to have: Airflow, Excel.",2025-12-13,"INR 5,00,000 - 8,00,000",NaukriSim
JOB00682,Associate Data Analyst,Robinson Shields and Brown Digital,Bangalore,,May 2026,,IndeedSim
JOB00150,Reporting Analyst,Schmidt Hansen and Stewart Labs,Noida,"Responsibilities include building dashboards, writing queries, and reporting to leadership. Required: Tableau, Data Warehousing, Snowflake, SQL. Nice to have: Power BI.","10 September, 2025",,LinkedInSim
JOB00291,Marketing Data Analyst,Brennan-Johnson Digital,"Mumbai, MH","Marketing Data Analyst needed for a fast-paced fintech startup. Core stack: AWS, SQL, dbt, Python, Git. Bonus points for Communication Skills exposure.",11-Mar-2026,Rs 3L to 4L per annum,InternshalaSim
JOB00393,Reporting Analyst,Webster Inc Softwares,Remote - India,"Join our growing data team! Skills needed: Statistics, Pandas, A/B Testing, Python, Machine Learning. Freshers with strong AWS, Tableau fundamentals encouraged to apply.",Apr 2026,Rs 5L to 7L per annum,IndeedSim
JOB00151,Product Analyst,Salazar-Ball Solutions,mumbai ,"Responsibilities include building dashboards, writing queries, and reporting to leadership. Required: AWS, SQL, dbt, Python, Git. Nice to have: Airflow, ETL.",2025-10-06,₹3L - ₹4L PA,IndeedSim
JOB00467,Data Analyst (Fresher),Davis-Lozano Technologies,Gurugram,"We are looking for a Data Analyst (Fresher) to join our analytics team. Must have hands-on experience with Statistics, Pandas, A/B Testing, Python, Machine Learning. Prior internship experience preferred.",28/08/2025,"INR 5,00,000 - 6,00,000",IndeedSim
JOB00697,Marketing Data Analyst,Boone-Davis Labs,bangalore,"Responsibilities include building dashboards, writing queries, and reporting to leadership. Required: Tableau, Data Warehousing, Snowflake, SQL. Nice to have: Stakeholder Management, Excel, GCP.",06-May-2026,,IndeedSim
JOB00512,Associate Data Analyst,Whitney Gould and Jones Digital,Pune,"The ideal candidate is proficient in AWS, SQL, dbt, Python, Git and can translate business questions into data-driven answers. Experience with GCP is a plus.",Jul 2026,"INR 6,00,000 - 7,00,000",IndeedSim
JOB00225,Analytics Associate,Jones-Soto Consulting,Remote - India,"Responsibilities include building dashboards, writing queries, and reporting to leadership. Required: Excel, Communication Skills, VBA, PowerPoint. Nice to have: Machine Learning, A/B Testing, MySQL.",Jan 2026,"INR 8,00,000 - 11,00,000",NaukriSim
JOB00304,Associate Data Analyst,Jones LLC Analytics,Gurugram,"Responsibilities include building dashboards, writing queries, and reporting to leadership. Required: Statistics, Pandas, A/B Testing, Python, Machine Learning. Nice to have: Stakeholder Management, R, NumPy.",20-Aug-2025,,LinkedInSim
JOB00149,Data Analyst (Fresher),Bryant Group Technologies,"Bengaluru, Karnataka","The ideal candidate is proficient in Tableau, Data Warehousing, Snowflake, SQL and can translate business questions into data-driven answers. Experience with Pandas is a plus.",30-Apr-2026,"INR 4,00,000 - 6,00,000",NaukriSim
JOB00324,BI Analyst,Ramsey Whitney and Coffey Technologies,noida ,"Join our growing data team! Skills needed: AWS, SQL, dbt, Python, Git. Freshers with strong SQL fundamentals encouraged to apply.",May 2026,"INR 3,00,000 - 5,00,000",NaukriSim
JOB00472,Reporting Analyst,Combs Ltd Digital,Bengaluru,"Join our growing data team! Skills needed: Excel, Communication Skills, VBA, PowerPoint. Freshers with strong Statistics fundamentals encouraged to apply.",17/02/2026,"INR 4,00,000 - 5,00,000",NaukriSim
JOB00552,Marketing Data Analyst,Fowler Jimenez and Burton Analytics,Chennai,"Responsibilities include building dashboards, writing queries, and reporting to leadership. Required: Excel, Communication Skills, VBA, PowerPoint. Nice to have: AWS.","16 September, 2025","INR 3,00,000 - 6,00,000",InternshalaSim
JOB00010,Data Analyst,Abbott-Munoz Analytics,Mumbai,"Join our growing data team! Skills needed: AWS, SQL, dbt, Python, Git. Freshers with strong PowerPoint fundamentals encouraged to apply.",2025-09-19,"INR 7,00,000 - 9,00,000",NaukriSim
JOB00405,BI Analyst,Graham Group Softwares,Remote,"Responsibilities include building dashboards, writing queries, and reporting to leadership. Required: ETL, PostgreSQL, Airflow, SQL, Python. Nice to have: Looker.",Jan 2026,,IndeedSim
JOB00110,Data Analyst (Fresher),Johnson-Doyle Analytics,delhi ncr,"Responsibilities include building dashboards, writing queries, and reporting to leadership. Required: AWS, SQL, dbt, Python, Git. Nice to have: Azure, Machine Learning.",28/06/2026,₹7L - ₹8L PA,LinkedInSim
JOB00228,Product Analyst,Duran Obrien and Gibbs Technologies,Gurgaon,"Join our growing data team! Skills needed: Stakeholder Management, Excel, Power BI, SQL. Freshers with strong SQL fundamentals encouraged to apply.","07 October, 2025",Rs 6L to 9L per annum,InternshalaSim
JOB00750,Data Analyst (Fresher),Allen Davenport and Price Systems,"hyderabad, TG","Responsibilities include building dashboards, writing queries, and reporting to leadership. Required: Excel, Communication Skills, VBA, PowerPoint. Nice to have: ETL, Google Sheets.",13-Jan-2026,Rs 4L to 6L per annum,InternshalaSim
JOB00617,Junior Data Analyst,Perez Hall and Garcia Softwares,noida ,"Junior Data Analyst needed for a fast-paced fintech startup. Core stack: Excel, Communication Skills, VBA, PowerPoint. Bonus points for R, Data Warehousing exposure.",2025-08-19,Rs 3L to 6L per annum,IndeedSim
JOB00680,Associate Data Analyst,Powers Brennan and Sanchez Consulting,Chennai,"Join our growing data team! Skills needed: Stakeholder Management, Excel, Power BI, SQL. Freshers with strong R, Advanced Excel fundamentals encouraged to apply.",Oct 2025,"INR 6,00,000 - 7,00,000",NaukriSim
JOB00533,Data Analyst (Fresher),Johnson-Spencer Technologies,bangalore,"Join our growing data team! Skills needed: Excel, Communication Skills, VBA, PowerPoint. Freshers with strong Azure, SQL fundamentals encouraged to apply.",Oct 2025,Rs 8L to 9L per annum,InternshalaSim
JOB00130,Operations Analyst,Cortez LLC Solutions,"hyderabad, TG","We are looking for a Operations Analyst to join our analytics team. Must have hands-on experience with Excel, Communication Skills, VBA, PowerPoint. Prior internship experience preferred.",12/03/2026,Rs 7L to 10L per annum,NaukriSim
JOB00696,Analytics Associate,Rivera Inc Digital,Bengaluru,"The ideal candidate is proficient in Stakeholder Management, Excel, Power BI, SQL and can translate business questions into data-driven answers. Experience with Git is a plus.",15/04/2026,"INR 8,00,000 - 10,00,000",InternshalaSim
JOB00374,Data Analyst (Fresher),Watson Anderson and Brown Solutions,New Delhi,"We are looking for a Data Analyst (Fresher) to join our analytics team. Must have hands-on experience with Excel, Communication Skills, VBA, PowerPoint. Prior internship experience preferred.","26 February, 2026",6-8 LPA,NaukriSim
JOB00328,Product Analyst,Rodriguez-Hall Softwares,Bengaluru,"Join our growing data team! Skills needed: Excel, Communication Skills, VBA, PowerPoint. Freshers with strong NumPy, MySQL fundamentals encouraged to apply.",2025-08-21,,InternshalaSim
JOB00434,Product Analyst,Miller Lucas and Williams Analytics,Delhi,"The ideal candidate is proficient in Excel, Communication Skills, VBA, PowerPoint and can translate business questions into data-driven answers. Experience with A/B Testing is a plus.",15-May-2026,,NaukriSim
JOB00398,BI Analyst,Estrada Williams and Foster Consulting,noida ,"Join our growing data team! Skills needed: Tableau, Data Warehousing, Snowflake, SQL. Freshers with strong Airflow, VBA fundamentals encouraged to apply.",Jun 2026,6-9 LPA,LinkedInSim
JOB00195,Data Analyst,Hernandez Thompson and Boyd Systems,Remote,"The ideal candidate is proficient in Tableau, Data Warehousing, Snowflake, SQL and can translate business questions into data-driven answers. Experience with Airflow, Pandas, Google Sheets is a plus.",12-Apr-2026,,LinkedInSim
JOB00549,Marketing Data Analyst,Morgan Bradshaw and Williams Systems,"hyderabad, TG","Marketing Data Analyst needed for a fast-paced fintech startup. Core stack: Statistics, Pandas, A/B Testing, Python, Machine Learning. Bonus points for Power BI, PowerPoint, Snowflake exposure.",07-Dec-2025,₹8L - ₹10L PA,LinkedInSim
JOB00605,Associate Data Analyst,Evans David and Hendrix Softwares,"Bengaluru, Karnataka","Responsibilities include building dashboards, writing queries, and reporting to leadership. Required: ETL, PostgreSQL, Airflow, SQL, Python. Nice to have: Stakeholder Management, Excel, Communication Skills.",Feb 2026,6-7 LPA,IndeedSim
JOB00064,Junior Data Analyst,West Henderson and Ramirez Digital,Remote - India,"Join our growing data team! Skills needed: Tableau, Data Warehousing, Snowflake, SQL. Freshers with strong Azure, Advanced Excel, VBA fundamentals encouraged to apply.",Dec 2025,,InternshalaSim
JOB00319,Data Analyst - Entry Level,Buchanan LLC Softwares,Gurugram,"We are looking for a Data Analyst - Entry Level to join our analytics team. Must have hands-on experience with ETL, PostgreSQL, Airflow, SQL, Python. Prior internship experience preferred.","26 May, 2026",₹4L - ₹5L PA,NaukriSim
JOB00002,Data Analyst,Doyle Ltd Technologies,Bengaluru,"Data Analyst needed for a fast-paced fintech startup. Core stack: ETL, PostgreSQL, Airflow, SQL, Python. Bonus points for Azure exposure.","08 July, 2026",,InternshalaSim
JOB00591,Data Analyst - Entry Level,Williams Castillo and Warren Technologies,Delhi,"Join our growing data team! Skills needed: Statistics, Pandas, A/B Testing, Python, Machine Learning. Freshers with strong AWS, GCP fundamentals encouraged to apply.",2025-12-17,,IndeedSim
JOB00390,Product Analyst,Moore-Collins Consulting,"hyderabad, TG","Product Analyst needed for a fast-paced fintech startup. Core stack: Tableau, Data Warehousing, Snowflake, SQL. Bonus points for AWS exposure.",Feb 2026,,LinkedInSim
JOB00321,Operations Analyst,Coffey-Phillips Analytics,"Bengaluru, Karnataka","The ideal candidate is proficient in Stakeholder Management, Excel, Power BI, SQL and can translate business questions into data-driven answers. Experience with SQL is a plus.",16/08/2025,"INR 6,00,000 - 9,00,000",NaukriSim
JOB00131,Reporting Analyst,Parker Ortiz and Powell Labs,delhi ncr,"Join our growing data team! Skills needed: Stakeholder Management, Excel, Power BI, SQL. Freshers with strong Advanced Excel fundamentals encouraged to apply.","28 August, 2025",₹3L - ₹5L PA,LinkedInSim
JOB00377,Data Analyst (Fresher),Schmitt PLC Softwares,mumbai ,"Responsibilities include building dashboards, writing queries, and reporting to leadership. Required: Statistics, Pandas, A/B Testing, Python, Machine Learning. Nice to have: AWS, GCP, R.",29-Sep-2025,6-9 LPA,NaukriSim
JOB00587,Data Analyst - Entry Level,Whitney PLC Consulting,Bengaluru,"Responsibilities include building dashboards, writing queries, and reporting to leadership. Required: AWS, SQL, dbt, Python, Git. Nice to have: Azure, PowerPoint.","12 December, 2025","INR 6,00,000 - 8,00,000",InternshalaSim
JOB00357,BI Analyst,Hayes and Sons Consulting,Mumbai,"BI Analyst needed for a fast-paced fintech startup. Core stack: AWS, SQL, dbt, Python, Git. Bonus points for Pandas, Advanced Excel, MySQL exposure.",16/06/2026,"INR 6,00,000 - 8,00,000",InternshalaSim
JOB00193,Data Analyst - Entry Level,Short-Garcia Analytics,"hyderabad, TG","Join our growing data team! Skills needed: ETL, PostgreSQL, Airflow, SQL, Python. Freshers with strong dbt, Excel fundamentals encouraged to apply.","21 March, 2026",Rs 5L to 7L per annum,IndeedSim
JOB00607,Data Analyst - Entry Level,Stewart-Bailey Consulting,remote,"Join our growing data team! Skills needed: AWS, SQL, dbt, Python, Git. Freshers with strong Looker, PostgreSQL fundamentals encouraged to apply.",14-May-2026,6-9 LPA,InternshalaSim
JOB00378,Operations Analyst,Bell-Lane Labs,Hyderabad,"The ideal candidate is proficient in AWS, SQL, dbt, Python, Git and can translate business questions into data-driven answers. Experience with MySQL is a plus.",Nov 2025,₹7L - ₹10L PA,InternshalaSim
JOB00349,Marketing Data Analyst,Schroeder-Kramer Analytics,"Mumbai, MH","Join our growing data team! Skills needed: AWS, SQL, dbt, Python, Git. Freshers with strong Stakeholder Management, Excel, VBA fundamentals encouraged to apply.",29/05/2026,Rs 8L to 11L per annum,NaukriSim
JOB00092,Data Analyst,Smith Montoya and Evans Consulting,Remote - India,"Join our growing data team! Skills needed: ETL, PostgreSQL, Airflow, SQL, Python. Freshers with strong Communication Skills, Data Warehousing fundamentals encouraged to apply.",28-Jul-2025,₹3L - ₹4L PA,NaukriSim
JOB00115,Business Analyst,Torres-Pope Analytics,Chennai,"Business Analyst needed for a fast-paced fintech startup. Core stack: AWS, SQL, dbt, Python, Git. Bonus points for Azure exposure.",13-Apr-2026,8-9 LPA,NaukriSim
JOB00090,Analytics Associate,Moore-Bass Systems,mumbai ,"Responsibilities include building dashboards, writing queries, and reporting to leadership. Required: Statistics, Pandas, A/B Testing, Python, Machine Learning. Nice to have: PowerPoint.",May 2026,Rs 4L to 5L per annum,IndeedSim
JOB00298,Data Analyst - Entry Level,Schmidt PLC Labs,bangalore,"We are looking for a Data Analyst - Entry Level to join our analytics team. Must have hands-on experience with ETL, PostgreSQL, Airflow, SQL, Python. Prior internship experience preferred.",18/01/2026,,InternshalaSim
JOB00119,Associate Data Analyst,May-Ross Labs,Gurugram,"We are looking for a Associate Data Analyst to join our analytics team. Must have hands-on experience with Tableau, Data Warehousing, Snowflake, SQL. Prior internship experience preferred.",2025-12-03,₹5L - ₹8L PA,LinkedInSim
JOB00266,Data Analyst - Entry Level,Gay Inc Softwares,Mumbai,"Join our growing data team! Skills needed: Stakeholder Management, Excel, Power BI, SQL. Freshers with strong MySQL fundamentals encouraged to apply.",26/06/2026,Rs 6L to 9L per annum,InternshalaSim
JOB00229,Operations Analyst,Rowe Group Softwares,"hyderabad, TG","We are looking for a Operations Analyst to join our analytics team. Must have hands-on experience with ETL, PostgreSQL, Airflow, SQL, Python. Prior internship experience preferred.",31-Mar-2026,,LinkedInSim
JOB00239,Marketing Data Analyst,Guerrero Peck and Coleman Systems,mumbai ,"Responsibilities include building dashboards, writing queries, and reporting to leadership. Required: Statistics, Pandas, A/B Testing, Python, Machine Learning. Nice to have: Data Warehousing.",2026-03-15,₹8L - ₹9L PA,InternshalaSim
JOB00448,Data Analyst - Entry Level,Bean LLC Analytics,Mumbai,"Data Analyst - Entry Level needed for a fast-paced fintech startup. Core stack: ETL, PostgreSQL, Airflow, SQL, Python. Bonus points for VBA exposure.",09-Sep-2025,7-8 LPA,LinkedInSim
JOB00576,Data Analyst (Fresher),Cole Pierce and Bryan Consulting,Mumbai,"We are looking for a Data Analyst (Fresher) to join our analytics team. Must have hands-on experience with Statistics, Pandas, A/B Testing, Python, Machine Learning. Prior internship experience preferred.","17 August, 2025","INR 6,00,000 - 7,00,000",InternshalaSim
JOB00658,Operations Analyst,Chavez PLC Softwares,Bangalore,"We are looking for a Operations Analyst to join our analytics team. Must have hands-on experience with Stakeholder Management, Excel, Power BI, SQL. Prior internship experience preferred.",Dec 2025,"INR 7,00,000 - 9,00,000",InternshalaSim
JOB00670,Marketing Data Analyst,Anderson Dalton and Wilson Digital,Gurgaon,"Marketing Data Analyst needed for a fast-paced fintech startup. Core stack: AWS, SQL, dbt, Python, Git. Bonus points for Machine Learning exposure.",2026-02-27,,NaukriSim
JOB00391,Data Analyst,Frank-Bradley Digital,"hyderabad, TG","Responsibilities include building dashboards, writing queries, and reporting to leadership. Required: Tableau, Data Warehousing, Snowflake, SQL. Nice to have: Azure.",01/01/2026,Rs 3L to 6L per annum,IndeedSim
JOB00743,Marketing Data Analyst,Lewis Ltd Digital,Pune,,17/12/2025,"INR 5,00,000 - 8,00,000",InternshalaSim
JOB00468,Analytics Associate,Wilkerson-Arias Consulting,Bangalore,"Analytics Associate needed for a fast-paced fintech startup. Core stack: Stakeholder Management, Excel, Power BI, SQL. Bonus points for Airflow, A/B Testing, NumPy exposure.",2025-09-09,"INR 4,00,000 - 6,00,000",InternshalaSim
JOB00528,BI Analyst,Contreras-Mckinney Labs,"Bengaluru, Karnataka","Join our growing data team! Skills needed: ETL, PostgreSQL, Airflow, SQL, Python. Freshers with strong Stakeholder Management, Excel, Google Sheets fundamentals encouraged to apply.",2026-03-31,Rs 6L to 7L per annum,InternshalaSim
JOB00735,Reporting Analyst,Branch and Sons Solutions,"Mumbai, MH","The ideal candidate is proficient in ETL, PostgreSQL, Airflow, SQL, Python and can translate business questions into data-driven answers. Experience with Tableau is a plus.",16-Feb-2026,"INR 8,00,000 - 9,00,000",InternshalaSim
JOB00387,Reporting Analyst,Morales Thomas and Schultz Analytics,Pune,"Reporting Analyst needed for a fast-paced fintech startup. Core stack: AWS, SQL, dbt, Python, Git. Bonus points for Communication Skills, PostgreSQL, NumPy exposure.",Apr 2026,"INR 4,00,000 - 7,00,000",LinkedInSim
JOB00352,Operations Analyst,Guerrero Inc Analytics,Gurgaon,"Responsibilities include building dashboards, writing queries, and reporting to leadership. Required: Tableau, Data Warehousing, Snowflake, SQL. Nice to have: Pandas.",2025-09-14,,InternshalaSim
JOB00660,Data Analyst (Fresher),Chambers-Parker Labs,Pune,"Join our growing data team! Skills needed: Statistics, Pandas, A/B Testing, Python, Machine Learning. Freshers with strong SQL, Git, Snowflake fundamentals encouraged to apply.",2026-03-01,"INR 8,00,000 - 9,00,000",NaukriSim
JOB00067,Reporting Analyst,Williams PLC Systems,Hyderabad,"Reporting Analyst needed for a fast-paced fintech startup. Core stack: Stakeholder Management, Excel, Power BI, SQL. Bonus points for R, Advanced Excel, PowerPoint exposure.",17/08/2025,7-8 LPA,IndeedSim
JOB00616,Data Analyst - Entry Level,Sanchez Ltd Softwares,noida ,"We are looking for a Data Analyst - Entry Level to join our analytics team. Must have hands-on experience with Stakeholder Management, Excel, Power BI, SQL. Prior internship experience preferred.",01-Jan-2026,3-5 LPA,NaukriSim
JOB00165,Data Analyst (Fresher),Castaneda-Ashley Softwares,bangalore,"The ideal candidate is proficient in AWS, SQL, dbt, Python, Git and can translate business questions into data-driven answers. Experience with Azure is a plus.",07-Oct-2025,Rs 6L to 9L per annum,IndeedSim
